train_loss_step,epoch,step,train_loss_epoch
0.12454778701066971,0,9,
0.2169722318649292,0,19,
0.13926979899406433,0,29,
0.1363804042339325,0,39,
0.13116426765918732,0,49,
0.15837997198104858,0,59,
0.16449648141860962,0,69,
0.18055953085422516,0,79,
0.17125406861305237,0,89,
0.14450831711292267,0,99,
0.23559321463108063,0,109,
0.20493769645690918,0,119,
0.17138518393039703,0,129,
0.13526619970798492,0,139,
0.16446031630039215,0,149,
0.19365167617797852,0,159,
0.1454441100358963,0,169,
0.13079984486103058,0,179,
0.15262414515018463,0,189,
0.24528302252292633,0,199,
0.17999450862407684,0,209,
0.17220889031887054,0,219,
0.18554797768592834,0,229,
0.19722002744674683,0,239,
0.152116596698761,0,249,
0.16614052653312683,0,259,
0.1604733020067215,0,269,
0.16500478982925415,0,279,
0.129132479429245,0,289,
0.10525479912757874,0,299,
0.12402752041816711,0,309,
0.16577871143817902,0,319,
0.1791563630104065,0,329,
0.1866203099489212,0,339,
0.1423206478357315,0,349,
0.22479863464832306,0,359,
0.1368948519229889,0,369,
0.20614297688007355,0,379,
0.1333790123462677,0,389,
0.1521117389202118,0,399,
0.196247398853302,0,409,
0.20660914480686188,0,419,
0.151682049036026,0,429,
0.1620246022939682,0,439,
0.1688683182001114,0,449,
0.09656420350074768,0,459,
0.10196331888437271,0,469,
0.1752268522977829,0,479,
0.17476794123649597,0,489,
0.1623540222644806,0,499,
0.14445100724697113,0,509,
0.13271088898181915,0,519,
0.14506863057613373,0,529,
0.13122926652431488,0,539,
0.11999934166669846,0,549,
0.22146554291248322,0,559,
0.17468412220478058,0,569,
0.1824367344379425,0,579,
0.1439446359872818,0,589,
0.16311724483966827,0,599,
0.15162400901317596,0,609,
0.07563361525535583,0,619,
0.09043749421834946,0,629,
0.1765240728855133,0,639,
0.1560598611831665,0,649,
0.16547028720378876,0,659,
0.2031797468662262,0,669,
0.16928815841674805,0,679,
0.12295626103878021,0,689,
0.18989641964435577,0,699,
0.148447647690773,0,709,
0.151438370347023,0,719,
0.1262277513742447,0,729,
0.14803369343280792,0,739,
0.20761063694953918,0,749,
0.21626028418540955,0,759,
0.16533705592155457,0,769,
0.14997124671936035,0,779,
0.16995081305503845,0,789,
0.19004422426223755,0,799,
0.13728436827659607,0,809,
0.16862954199314117,0,819,
0.10160775482654572,0,829,
0.16600295901298523,0,839,
0.15806300938129425,0,849,
0.19254006445407867,0,859,
0.1681133657693863,0,869,
0.21671147644519806,0,879,
0.11945390701293945,0,889,
0.14454180002212524,0,899,
0.18722738325595856,0,909,
0.17153456807136536,0,919,
0.2196841537952423,0,929,
0.17678670585155487,0,939,
0.20499485731124878,0,949,
0.17161287367343903,0,959,
0.15308550000190735,0,969,
0.09774015098810196,0,979,
0.12110643833875656,0,989,
0.1421695500612259,0,999,
0.18459166586399078,0,1009,
0.14064569771289825,0,1019,
0.2194756418466568,0,1029,
0.19186179339885712,0,1039,
0.11669102311134338,0,1049,
0.13852854073047638,0,1059,
0.19546109437942505,0,1069,
0.21682797372341156,0,1079,
0.15614406764507294,0,1089,
0.22152338922023773,0,1099,
0.18514081835746765,0,1109,
0.1437617540359497,0,1119,
0.206532821059227,0,1129,
0.15818381309509277,0,1139,
0.19442619383335114,0,1149,
0.157831609249115,0,1159,
0.17139659821987152,0,1169,
0.16311271488666534,0,1179,
0.16484501957893372,0,1189,
0.13672049343585968,0,1199,
0.20432217419147491,0,1209,
0.1509133279323578,0,1219,
0.13256095349788666,0,1229,
0.12201045453548431,0,1239,
0.13360480964183807,0,1249,
0.1845037192106247,0,1259,
0.20965398848056793,0,1269,
0.16861268877983093,0,1279,
0.13640236854553223,0,1289,
0.14298315346240997,0,1299,
0.13500019907951355,0,1309,
0.19652648270130157,0,1319,
0.1739255040884018,0,1329,
0.1600617617368698,0,1339,
0.10502292960882187,0,1349,
0.1807965487241745,0,1359,
0.22685429453849792,0,1369,
0.14839914441108704,0,1379,
0.133403480052948,0,1389,
0.16257792711257935,0,1399,
0.09046311676502228,0,1409,
0.14885099232196808,0,1419,
0.14862452447414398,0,1429,
0.15237614512443542,0,1439,
0.15917497873306274,0,1449,
0.1299300193786621,0,1459,
0.20793719589710236,0,1469,
0.11439421772956848,0,1479,
0.1700669378042221,0,1489,
0.12728534638881683,0,1499,
0.12635010480880737,0,1509,
0.13199472427368164,0,1519,
0.18659205734729767,0,1529,
0.11175938695669174,0,1539,
0.2299027144908905,0,1549,
0.1811499297618866,0,1559,
0.2004982978105545,0,1569,
0.15537653863430023,0,1579,
0.13512000441551208,0,1589,
0.2158442586660385,0,1599,
0.17145271599292755,0,1609,
0.16545329988002777,0,1619,
0.1856662482023239,0,1629,
0.25593301653862,0,1639,
0.19836094975471497,0,1649,
0.12332124263048172,0,1659,
0.11997392773628235,0,1669,
0.1525232344865799,0,1679,
0.18718883395195007,0,1689,
0.17709288001060486,0,1699,
0.12085659056901932,0,1709,
0.13378603756427765,0,1719,
0.163868248462677,0,1729,
0.192253977060318,0,1739,
0.10447649657726288,0,1749,
0.17826829850673676,0,1759,
0.17121630907058716,0,1769,
0.17162296175956726,0,1779,
0.09561917185783386,0,1789,
0.14548297226428986,0,1799,
0.1508861631155014,0,1809,
0.1768031269311905,0,1819,
0.1589103490114212,0,1829,
0.1440753936767578,0,1839,
0.0778675526380539,0,1849,
0.18394048511981964,0,1859,
0.15779562294483185,0,1869,
0.18938104808330536,0,1879,
0.18944068253040314,0,1889,
0.15809480845928192,0,1899,
0.13445451855659485,0,1909,
0.19749104976654053,0,1919,
0.21102754771709442,0,1929,
0.12222889810800552,0,1939,
0.13597415387630463,0,1949,
0.17385832965373993,0,1959,
,0,1965,0.16060824692249298
0.20964239537715912,1,1969,
0.16764338314533234,1,1979,
0.14820988476276398,1,1989,
0.15087305009365082,1,1999,
0.11824768036603928,1,2009,
0.15752138197422028,1,2019,
0.15351615846157074,1,2029,
0.21715249121189117,1,2039,
0.1941816657781601,1,2049,
0.26741114258766174,1,2059,
0.1792440414428711,1,2069,
0.09520381689071655,1,2079,
0.1410704255104065,1,2089,
0.11973709613084793,1,2099,
0.14890578389167786,1,2109,
0.14935612678527832,1,2119,
0.11401091516017914,1,2129,
0.11940627545118332,1,2139,
0.16107065975666046,1,2149,
0.19190402328968048,1,2159,
0.19060812890529633,1,2169,
0.18817146122455597,1,2179,
0.21078315377235413,1,2189,
0.1403849720954895,1,2199,
0.1254705786705017,1,2209,
0.08692950010299683,1,2219,
0.15095920860767365,1,2229,
0.13954545557498932,1,2239,
0.10525969415903091,1,2249,
0.19076840579509735,1,2259,
0.12001971155405045,1,2269,
0.16467590630054474,1,2279,
0.17759664356708527,1,2289,
0.16338279843330383,1,2299,
0.10998351871967316,1,2309,
0.19589164853096008,1,2319,
0.1131732240319252,1,2329,
0.13707423210144043,1,2339,
0.13845045864582062,1,2349,
0.13138434290885925,1,2359,
0.1513221561908722,1,2369,
0.22959481179714203,1,2379,
0.1396891325712204,1,2389,
0.19442912936210632,1,2399,
0.1678684502840042,1,2409,
0.19757093489170074,1,2419,
0.14944225549697876,1,2429,
0.14102356135845184,1,2439,
0.16825424134731293,1,2449,
0.16830334067344666,1,2459,
0.25668373703956604,1,2469,
0.20266418159008026,1,2479,
0.17825600504875183,1,2489,
0.17392952740192413,1,2499,
0.1743597537279129,1,2509,
0.18991848826408386,1,2519,
0.11206375062465668,1,2529,
0.10406449437141418,1,2539,
0.13741131126880646,1,2549,
0.13349898159503937,1,2559,
0.16021916270256042,1,2569,
0.12353198975324631,1,2579,
0.1420474797487259,1,2589,
0.2113453596830368,1,2599,
0.18811984360218048,1,2609,
0.18027377128601074,1,2619,
0.17342138290405273,1,2629,
0.15513361990451813,1,2639,
0.16123969852924347,1,2649,
0.23095379769802094,1,2659,
0.18866172432899475,1,2669,
0.16394102573394775,1,2679,
0.11946424096822739,1,2689,
0.14508533477783203,1,2699,
0.17653436958789825,1,2709,
0.12706930935382843,1,2719,
0.07386471331119537,1,2729,
0.15172341465950012,1,2739,
0.10786202549934387,1,2749,
0.11973778158426285,1,2759,
0.1396772563457489,1,2769,
0.13307592272758484,1,2779,
0.1649978905916214,1,2789,
0.13765786588191986,1,2799,
0.15013186633586884,1,2809,
0.15159228444099426,1,2819,
0.16059407591819763,1,2829,
0.10328485071659088,1,2839,
0.1961713582277298,1,2849,
0.2050400823354721,1,2859,
0.13373155891895294,1,2869,
0.22402143478393555,1,2879,
0.15895478427410126,1,2889,
0.18409645557403564,1,2899,
0.1508621871471405,1,2909,
0.23426978290081024,1,2919,
0.14228606224060059,1,2929,
0.14080479741096497,1,2939,
0.21678505837917328,1,2949,
0.1453743726015091,1,2959,
0.14933091402053833,1,2969,
0.16943998634815216,1,2979,
0.10071685165166855,1,2989,
0.19668583571910858,1,2999,
0.14250785112380981,1,3009,
0.1781579703092575,1,3019,
0.18874861299991608,1,3029,
0.13606961071491241,1,3039,
0.24062760174274445,1,3049,
0.16963310539722443,1,3059,
0.15617674589157104,1,3069,
0.15048767626285553,1,3079,
0.11997272074222565,1,3089,
0.11137045919895172,1,3099,
0.1558663696050644,1,3109,
0.20406703650951385,1,3119,
0.22563709318637848,1,3129,
0.12408550828695297,1,3139,
0.10618465393781662,1,3149,
0.23237816989421844,1,3159,
0.1915629357099533,1,3169,
0.16850915551185608,1,3179,
0.24531888961791992,1,3189,
0.17866456508636475,1,3199,
0.20515313744544983,1,3209,
0.16655853390693665,1,3219,
0.14897744357585907,1,3229,
0.15044985711574554,1,3239,
0.14998258650302887,1,3249,
0.17052395641803741,1,3259,
0.13288354873657227,1,3269,
0.17510057985782623,1,3279,
0.20391690731048584,1,3289,
0.19147808849811554,1,3299,
0.17075181007385254,1,3309,
0.10641002655029297,1,3319,
0.14842484891414642,1,3329,
0.1427636593580246,1,3339,
0.12366403639316559,1,3349,
0.12633943557739258,1,3359,
0.19439461827278137,1,3369,
0.14438565075397491,1,3379,
0.16885152459144592,1,3389,
0.1562410145998001,1,3399,
0.11690555512905121,1,3409,
0.14926894009113312,1,3419,
0.17960920929908752,1,3429,
0.1336621791124344,1,3439,
0.12724699079990387,1,3449,
0.14456599950790405,1,3459,
0.16845141351222992,1,3469,
0.14668433368206024,1,3479,
0.15655386447906494,1,3489,
0.12257088720798492,1,3499,
0.15071742236614227,1,3509,
0.16202378273010254,1,3519,
0.18395236134529114,1,3529,
0.09365831315517426,1,3539,
0.13462872803211212,1,3549,
0.16706421971321106,1,3559,
0.11745010316371918,1,3569,
0.17557701468467712,1,3579,
0.16234131157398224,1,3589,
0.14348280429840088,1,3599,
0.08570967614650726,1,3609,
0.11683426797389984,1,3619,
0.13889528810977936,1,3629,
0.15208496153354645,1,3639,
0.20645131170749664,1,3649,
0.15509240329265594,1,3659,
0.1699948012828827,1,3669,
0.13831278681755066,1,3679,
0.13037951290607452,1,3689,
0.2016056776046753,1,3699,
0.18720589578151703,1,3709,
0.13199153542518616,1,3719,
0.14291474223136902,1,3729,
0.15437142550945282,1,3739,
0.18283595144748688,1,3749,
0.11819945275783539,1,3759,
0.2212848663330078,1,3769,
0.14934372901916504,1,3779,
0.1298600286245346,1,3789,
0.11958959698677063,1,3799,
0.10328689962625504,1,3809,
0.1373528093099594,1,3819,
0.19035758078098297,1,3829,
0.1688133329153061,1,3839,
0.1760057955980301,1,3849,
0.17411088943481445,1,3859,
0.15152353048324585,1,3869,
0.13272662460803986,1,3879,
0.16959960758686066,1,3889,
0.1269775778055191,1,3899,
0.19865424931049347,1,3909,
0.19747021794319153,1,3919,
0.16291581094264984,1,3929,
,1,3931,0.1597260683774948
0.15980829298496246,2,3939,
0.18822261691093445,2,3949,
0.13323916494846344,2,3959,
0.1663074791431427,2,3969,
0.12845870852470398,2,3979,
0.14218910038471222,2,3989,
0.16494475305080414,2,3999,
0.16642870008945465,2,4009,
0.16785764694213867,2,4019,
0.15994787216186523,2,4029,
0.14426136016845703,2,4039,
0.16145513951778412,2,4049,
0.10204742848873138,2,4059,
0.1733793020248413,2,4069,
0.17370858788490295,2,4079,
0.16714641451835632,2,4089,
0.14387403428554535,2,4099,
0.14692683517932892,2,4109,
0.21205976605415344,2,4119,
0.17071478068828583,2,4129,
0.13832306861877441,2,4139,
0.166914701461792,2,4149,
0.12074754387140274,2,4159,
0.10439947247505188,2,4169,
0.2457973212003708,2,4179,
0.12783341109752655,2,4189,
0.1511976271867752,2,4199,
0.1691199243068695,2,4209,
0.1361142247915268,2,4219,
0.15860453248023987,2,4229,
0.1457419991493225,2,4239,
0.13728663325309753,2,4249,
0.21634860336780548,2,4259,
0.11553474515676498,2,4269,
0.17413468658924103,2,4279,
0.11266815662384033,2,4289,
0.17658495903015137,2,4299,
0.15749260783195496,2,4309,
0.18425586819648743,2,4319,
0.13539756834506989,2,4329,
0.12445304542779922,2,4339,
0.08152000606060028,2,4349,
0.09238050132989883,2,4359,
0.13099871575832367,2,4369,
0.20204587280750275,2,4379,
0.1436484158039093,2,4389,
0.10761190950870514,2,4399,
0.16740575432777405,2,4409,
0.17445099353790283,2,4419,
0.15302252769470215,2,4429,
0.11806706339120865,2,4439,
0.11347571760416031,2,4449,
0.14534153044223785,2,4459,
0.11476780474185944,2,4469,
0.1560901254415512,2,4479,
0.12219356000423431,2,4489,
0.14039111137390137,2,4499,
0.19767242670059204,2,4509,
0.21003921329975128,2,4519,
0.13424040377140045,2,4529,
0.1346668154001236,2,4539,
0.1251559853553772,2,4549,
0.18661096692085266,2,4559,
0.08801978826522827,2,4569,
0.13040763139724731,2,4579,
0.1472679078578949,2,4589,
0.1315501481294632,2,4599,
0.2027856856584549,2,4609,
0.1322852075099945,2,4619,
0.10114959627389908,2,4629,
0.12687565386295319,2,4639,
0.15560539066791534,2,4649,
0.15600378811359406,2,4659,
0.14656586945056915,2,4669,
0.1267789751291275,2,4679,
0.1562700718641281,2,4689,
0.11395684629678726,2,4699,
0.10969005525112152,2,4709,
0.13830026984214783,2,4719,
0.0954243391752243,2,4729,
0.09884435683488846,2,4739,
0.18911001086235046,2,4749,
0.09060684591531754,2,4759,
0.11573413014411926,2,4769,
0.056934792548418045,2,4779,
0.11698707193136215,2,4789,
0.11471674591302872,2,4799,
0.12458247691392899,2,4809,
0.08974210917949677,2,4819,
0.12915155291557312,2,4829,
0.10769227147102356,2,4839,
0.10032622516155243,2,4849,
0.14678232371807098,2,4859,
0.0778508260846138,2,4869,
0.10837745666503906,2,4879,
0.0689428448677063,2,4889,
0.09944251924753189,2,4899,
0.06891296803951263,2,4909,
0.072161965072155,2,4919,
0.09321729093790054,2,4929,
0.07553891837596893,2,4939,
0.09203986078500748,2,4949,
0.10011020302772522,2,4959,
0.10776741057634354,2,4969,
0.13415579497814178,2,4979,
0.10225459188222885,2,4989,
0.07901235669851303,2,4999,
0.1174115240573883,2,5009,
0.09652052819728851,2,5019,
0.10585744678974152,2,5029,
0.1254691481590271,2,5039,
0.06568524241447449,2,5049,
0.10849544405937195,2,5059,
0.0902276560664177,2,5069,
0.06767834722995758,2,5079,
0.08908110111951828,2,5089,
0.12381193786859512,2,5099,
0.14031346142292023,2,5109,
0.12164762616157532,2,5119,
0.12487363815307617,2,5129,
0.07715284824371338,2,5139,
0.1213892474770546,2,5149,
0.09995332360267639,2,5159,
0.15209662914276123,2,5169,
0.11823136359453201,2,5179,
0.1463383585214615,2,5189,
0.11389512568712234,2,5199,
0.11905389279127121,2,5209,
0.11207640171051025,2,5219,
0.09764814376831055,2,5229,
0.15052638947963715,2,5239,
0.1399773806333542,2,5249,
0.08785983175039291,2,5259,
0.06265869736671448,2,5269,
0.11307307332754135,2,5279,
0.1123291626572609,2,5289,
0.11827341467142105,2,5299,
0.07611790299415588,2,5309,
0.07760948687791824,2,5319,
0.11355236172676086,2,5329,
0.06367071717977524,2,5339,
0.09956373274326324,2,5349,
0.06580909341573715,2,5359,
0.07764739543199539,2,5369,
0.12138514965772629,2,5379,
0.10069344192743301,2,5389,
0.08776303380727768,2,5399,
0.09230247884988785,2,5409,
0.10259033739566803,2,5419,
0.10672429949045181,2,5429,
0.09414183348417282,2,5439,
0.07970200479030609,2,5449,
0.08963216096162796,2,5459,
0.07318975031375885,2,5469,
0.10550771653652191,2,5479,
0.14674364030361176,2,5489,
0.11530319601297379,2,5499,
0.07886917144060135,2,5509,
0.0734783485531807,2,5519,
0.18398772180080414,2,5529,
0.08829406648874283,2,5539,
0.09931512176990509,2,5549,
0.09203367680311203,2,5559,
0.12398343533277512,2,5569,
0.13071930408477783,2,5579,
0.09859196096658707,2,5589,
0.12233299762010574,2,5599,
0.06253942102193832,2,5609,
0.13053679466247559,2,5619,
0.11206910759210587,2,5629,
0.07452395558357239,2,5639,
0.10807356238365173,2,5649,
0.07714880257844925,2,5659,
0.12013671547174454,2,5669,
0.10094111412763596,2,5679,
0.09354047477245331,2,5689,
0.08135849982500076,2,5699,
0.11518672108650208,2,5709,
0.12416050583124161,2,5719,
0.07597729563713074,2,5729,
0.09050547331571579,2,5739,
0.08556093275547028,2,5749,
0.12587879598140717,2,5759,
0.07283071428537369,2,5769,
0.0942368283867836,2,5779,
0.11676600575447083,2,5789,
0.1302148997783661,2,5799,
0.11969908326864243,2,5809,
0.10770675539970398,2,5819,
0.08682737499475479,2,5829,
0.08547614514827728,2,5839,
0.0798439010977745,2,5849,
0.0955486074090004,2,5859,
0.13903255760669708,2,5869,
0.10116247087717056,2,5879,
0.07748512923717499,2,5889,
,2,5897,0.12055516242980957
0.08958394080400467,3,5899,
0.10436687618494034,3,5909,
0.11097743362188339,3,5919,
0.07751141488552094,3,5929,
0.05471602454781532,3,5939,
0.0963371992111206,3,5949,
0.08120763301849365,3,5959,
0.10491286218166351,3,5969,
0.09936729818582535,3,5979,
0.09513533115386963,3,5989,
0.0818931981921196,3,5999,
0.10577752441167831,3,6009,
0.09905722737312317,3,6019,
0.1351306140422821,3,6029,
0.11048950999975204,3,6039,
0.1007440909743309,3,6049,
0.09584597498178482,3,6059,
0.08058930933475494,3,6069,
0.12124701589345932,3,6079,
0.12054494023323059,3,6089,
0.08908401429653168,3,6099,
0.06353101879358292,3,6109,
0.10696350783109665,3,6119,
0.09792790561914444,3,6129,
0.08348777145147324,3,6139,
0.09886166453361511,3,6149,
0.12888717651367188,3,6159,
0.07950054109096527,3,6169,
0.05987420305609703,3,6179,
0.08568118512630463,3,6189,
0.0769653171300888,3,6199,
0.13418224453926086,3,6209,
0.04974411055445671,3,6219,
0.12037292122840881,3,6229,
0.07592294365167618,3,6239,
0.09046660363674164,3,6249,
0.06607222557067871,3,6259,
0.0919809564948082,3,6269,
0.1642361581325531,3,6279,
0.06892263144254684,3,6289,
0.09198079258203506,3,6299,
0.1018846407532692,3,6309,
0.10535316169261932,3,6319,
0.10928497463464737,3,6329,
0.11152885109186172,3,6339,
0.09085455536842346,3,6349,
0.11814170330762863,3,6359,
0.08498603850603104,3,6369,
0.1015767827630043,3,6379,
0.09339382499456406,3,6389,
0.11402959376573563,3,6399,
0.09897489100694656,3,6409,
0.09606948494911194,3,6419,
0.08872120827436447,3,6429,
0.14966361224651337,3,6439,
0.11449845880270004,3,6449,
0.0955386683344841,3,6459,
0.08527955412864685,3,6469,
0.0819164291024208,3,6479,
0.10464920103549957,3,6489,
0.0929369255900383,3,6499,
0.07381145656108856,3,6509,
0.14931365847587585,3,6519,
0.136990025639534,3,6529,
0.0996224507689476,3,6539,
0.05919313430786133,3,6549,
0.15774191915988922,3,6559,
0.07043664902448654,3,6569,
0.10689263790845871,3,6579,
0.13885720074176788,3,6589,
0.05958280339837074,3,6599,
0.08504672348499298,3,6609,
0.10183227062225342,3,6619,
0.09378965944051743,3,6629,
0.12333289533853531,3,6639,
0.06724079698324203,3,6649,
0.1368153840303421,3,6659,
0.11024729162454605,3,6669,
0.1043151468038559,3,6679,
0.07598760724067688,3,6689,
0.11595822870731354,3,6699,
0.12483618408441544,3,6709,
0.09545893222093582,3,6719,
0.12293558567762375,3,6729,
0.1005982980132103,3,6739,
0.09288584440946579,3,6749,
0.10710733383893967,3,6759,
0.08318118005990982,3,6769,
0.059954311698675156,3,6779,
0.09137749671936035,3,6789,
0.1067611575126648,3,6799,
0.07630043476819992,3,6809,
0.09439108520746231,3,6819,
0.08103810250759125,3,6829,
0.06666433066129684,3,6839,
0.10021420568227768,3,6849,
0.10812532901763916,3,6859,
0.07080578058958054,3,6869,
0.10478831827640533,3,6879,
0.07798319309949875,3,6889,
0.08977612107992172,3,6899,
0.12239617854356766,3,6909,
0.08243147283792496,3,6919,
0.11917617917060852,3,6929,
0.10828301310539246,3,6939,
0.1331649124622345,3,6949,
0.09057686477899551,3,6959,
0.07858800888061523,3,6969,
0.07166353613138199,3,6979,
0.09987960010766983,3,6989,
0.08225448429584503,3,6999,
0.08244439959526062,3,7009,
0.06906930357217789,3,7019,
0.08464819937944412,3,7029,
0.08860144764184952,3,7039,
0.09495263546705246,3,7049,
0.07154372334480286,3,7059,
0.13651953637599945,3,7069,
0.10631433874368668,3,7079,
0.12356019020080566,3,7089,
0.07936827093362808,3,7099,
0.0810442641377449,3,7109,
0.09152226895093918,3,7119,
0.10239006578922272,3,7129,
0.06446317583322525,3,7139,
0.13572078943252563,3,7149,
0.11519106477499008,3,7159,
0.10963276773691177,3,7169,
0.10642080008983612,3,7179,
0.10865610092878342,3,7189,
0.08311952650547028,3,7199,
0.08444734662771225,3,7209,
0.08347085118293762,3,7219,
0.066973015666008,3,7229,
0.0820232406258583,3,7239,
0.08568135648965836,3,7249,
0.07405578345060349,3,7259,
0.08748887479305267,3,7269,
0.07740166783332825,3,7279,
0.15394511818885803,3,7289,
0.09577719122171402,3,7299,
0.06507627665996552,3,7309,
0.07969539612531662,3,7319,
0.06734887510538101,3,7329,
0.0783434584736824,3,7339,
0.10002277791500092,3,7349,
0.062018055468797684,3,7359,
0.06329768151044846,3,7369,
0.06456583738327026,3,7379,
0.07102459669113159,3,7389,
0.09508419781923294,3,7399,
0.0968928337097168,3,7409,
0.07386386394500732,3,7419,
0.1212579682469368,3,7429,
0.08688285946846008,3,7439,
0.0765179768204689,3,7449,
0.06728015094995499,3,7459,
0.09373972564935684,3,7469,
0.05193740129470825,3,7479,
0.10374163091182709,3,7489,
0.07959271222352982,3,7499,
0.07941845804452896,3,7509,
0.12737900018692017,3,7519,
0.09761888533830643,3,7529,
0.05193951725959778,3,7539,
0.07019229233264923,3,7549,
0.08668167889118195,3,7559,
0.0421048179268837,3,7569,
0.10119777172803879,3,7579,
0.11371324211359024,3,7589,
0.12096600979566574,3,7599,
0.1017201766371727,3,7609,
0.058671966195106506,3,7619,
0.08808097243309021,3,7629,
0.13027626276016235,3,7639,
0.055766310542821884,3,7649,
0.08205856382846832,3,7659,
0.13399235904216766,3,7669,
0.06385105848312378,3,7679,
0.08772069960832596,3,7689,
0.09321213513612747,3,7699,
0.10909806191921234,3,7709,
0.0744490772485733,3,7719,
0.13900046050548553,3,7729,
0.10827069729566574,3,7739,
0.07081711292266846,3,7749,
0.0882607027888298,3,7759,
0.08107218891382217,3,7769,
0.07545677572488785,3,7779,
0.08205514401197433,3,7789,
0.1235104575753212,3,7799,
0.10010068118572235,3,7809,
0.07569808512926102,3,7819,
0.10327619314193726,3,7829,
0.1273336410522461,3,7839,
0.05449238047003746,3,7849,
0.0817306861281395,3,7859,
,3,7863,0.0950281023979187
0.06768796592950821,4,7869,
0.0489344596862793,4,7879,
0.08550174534320831,4,7889,
0.06915473937988281,4,7899,
0.06964552402496338,4,7909,
0.06045369431376457,4,7919,
0.06514453887939453,4,7929,
0.1317155361175537,4,7939,
0.1081775575876236,4,7949,
0.07201400399208069,4,7959,
0.0935526043176651,4,7969,
0.10549093782901764,4,7979,
0.07868427783250809,4,7989,
0.09359532594680786,4,7999,
0.05937608703970909,4,8009,
0.06646910309791565,4,8019,
0.1153973639011383,4,8029,
0.06812715530395508,4,8039,
0.07900716364383698,4,8049,
0.09174568951129913,4,8059,
0.11501256376504898,4,8069,
0.10817702114582062,4,8079,
0.11364129930734634,4,8089,
0.06429103761911392,4,8099,
0.07361571490764618,4,8109,
0.0633404552936554,4,8119,
0.12418407946825027,4,8129,
0.07008960098028183,4,8139,
0.0777316763997078,4,8149,
0.14091897010803223,4,8159,
0.09660883992910385,4,8169,
0.12690557539463043,4,8179,
0.11037080734968185,4,8189,
0.09249644726514816,4,8199,
0.11342345178127289,4,8209,
0.08355182409286499,4,8219,
0.08697787672281265,4,8229,
0.12083390355110168,4,8239,
0.14181120693683624,4,8249,
0.10401983559131622,4,8259,
0.0938284769654274,4,8269,
0.10651230812072754,4,8279,
0.14261731505393982,4,8289,
0.1102670282125473,4,8299,
0.1351674199104309,4,8309,
0.0867232158780098,4,8319,
0.07879912108182907,4,8329,
0.05614903196692467,4,8339,
0.11255970597267151,4,8349,
0.07931169122457504,4,8359,
0.06977654993534088,4,8369,
0.048259854316711426,4,8379,
0.06442267447710037,4,8389,
0.09917965531349182,4,8399,
0.08566223084926605,4,8409,
0.07416180521249771,4,8419,
0.05191688612103462,4,8429,
0.08799904584884644,4,8439,
0.07974835485219955,4,8449,
0.06176428124308586,4,8459,
0.10296323150396347,4,8469,
0.07181908935308456,4,8479,
0.10592836886644363,4,8489,
0.09670659154653549,4,8499,
0.15796296298503876,4,8509,
0.059686798602342606,4,8519,
0.07087299972772598,4,8529,
0.09186359494924545,4,8539,
0.12175643444061279,4,8549,
0.12253997474908829,4,8559,
0.07586280256509781,4,8569,
0.08664032071828842,4,8579,
0.07233289629220963,4,8589,
0.15961714088916779,4,8599,
0.09915772825479507,4,8609,
0.08605621010065079,4,8619,
0.08111883699893951,4,8629,
0.07625708729028702,4,8639,
0.10884161293506622,4,8649,
0.11585304886102676,4,8659,
0.130339577794075,4,8669,
0.10986427962779999,4,8679,
0.08011039346456528,4,8689,
0.060770366340875626,4,8699,
0.12582281231880188,4,8709,
0.12173189222812653,4,8719,
0.09701932221651077,4,8729,
0.058528829365968704,4,8739,
0.07130532711744308,4,8749,
0.059357378631830215,4,8759,
0.1666969209909439,4,8769,
0.08007470518350601,4,8779,
0.12355319410562515,4,8789,
0.0736604854464531,4,8799,
0.08126330375671387,4,8809,
0.15760409832000732,4,8819,
0.08242277055978775,4,8829,
0.07547643780708313,4,8839,
0.10378263890743256,4,8849,
0.11159995198249817,4,8859,
0.08344405144453049,4,8869,
0.08961501717567444,4,8879,
0.09214290231466293,4,8889,
0.08240815997123718,4,8899,
0.0583450086414814,4,8909,
0.08874224126338959,4,8919,
0.07602732628583908,4,8929,
0.06284388154745102,4,8939,
0.08118224143981934,4,8949,
0.06910140812397003,4,8959,
0.13159911334514618,4,8969,
0.06474619358778,4,8979,
0.08304248005151749,4,8989,
0.07068879157304764,4,8999,
0.06146831065416336,4,9009,
0.07090502232313156,4,9019,
0.09239252656698227,4,9029,
0.0884571373462677,4,9039,
0.09673056751489639,4,9049,
0.05173229053616524,4,9059,
0.059615328907966614,4,9069,
0.10891992598772049,4,9079,
0.07564419507980347,4,9089,
0.057940661907196045,4,9099,
0.055094897747039795,4,9109,
0.06618473678827286,4,9119,
0.11000421643257141,4,9129,
0.09334061294794083,4,9139,
0.07862430065870285,4,9149,
0.09613079577684402,4,9159,
0.11347904801368713,4,9169,
0.05907558649778366,4,9179,
0.07462922483682632,4,9189,
0.06951148808002472,4,9199,
0.07476981729269028,4,9209,
0.05094386264681816,4,9219,
0.09605676680803299,4,9229,
0.08872759342193604,4,9239,
0.06125735118985176,4,9249,
0.07418885827064514,4,9259,
0.08070238679647446,4,9269,
0.09624908119440079,4,9279,
0.07916966080665588,4,9289,
0.04826449230313301,4,9299,
0.06323055177927017,4,9309,
0.08348703384399414,4,9319,
0.11202815175056458,4,9329,
0.07360934466123581,4,9339,
0.06835410743951797,4,9349,
0.03671929985284805,4,9359,
0.12238363176584244,4,9369,
0.059993624687194824,4,9379,
0.09138015657663345,4,9389,
0.06226523593068123,4,9399,
0.09461502730846405,4,9409,
0.14401844143867493,4,9419,
0.06672855466604233,4,9429,
0.07868197560310364,4,9439,
0.08110610395669937,4,9449,
0.0950358435511589,4,9459,
0.08037851005792618,4,9469,
0.09159205853939056,4,9479,
0.10860827565193176,4,9489,
0.07717233151197433,4,9499,
0.08672453463077545,4,9509,
0.10132616013288498,4,9519,
0.1301841139793396,4,9529,
0.053153056651353836,4,9539,
0.0782405212521553,4,9549,
0.09337024390697479,4,9559,
0.05773334950208664,4,9569,
0.07196374237537384,4,9579,
0.0812763124704361,4,9589,
0.06475555151700974,4,9599,
0.08628738671541214,4,9609,
0.10167571157217026,4,9619,
0.0613347552716732,4,9629,
0.11085084080696106,4,9639,
0.08983109146356583,4,9649,
0.07427942007780075,4,9659,
0.09870444238185883,4,9669,
0.09855730086565018,4,9679,
0.07528912276029587,4,9689,
0.11106658726930618,4,9699,
0.06796533614397049,4,9709,
0.08401966840028763,4,9719,
0.06722405552864075,4,9729,
0.08412144333124161,4,9739,
0.09611847996711731,4,9749,
0.07899798452854156,4,9759,
0.11616073548793793,4,9769,
0.07939654588699341,4,9779,
0.08484438061714172,4,9789,
0.04785987362265587,4,9799,
0.08081761747598648,4,9809,
0.07005059719085693,4,9819,
0.11827639490365982,4,9829,
,4,9829,0.08593957871198654
0.06922919303178787,5,9839,
0.09239516407251358,5,9849,
0.11376108229160309,5,9859,
0.07450193166732788,5,9869,
0.07282055914402008,5,9879,
0.05023727938532829,5,9889,
0.06424127519130707,5,9899,
0.06422615796327591,5,9909,
0.10963920503854752,5,9919,
0.09774558246135712,5,9929,
0.07848040014505386,5,9939,
0.09706142544746399,5,9949,
0.09007032960653305,5,9959,
0.07477666437625885,5,9969,
0.07441896945238113,5,9979,
0.06623658537864685,5,9989,
0.06788010150194168,5,9999,
0.08331916481256485,5,10009,
0.07606486231088638,5,10019,
0.08374454081058502,5,10029,
0.12096386402845383,5,10039,
0.07988393306732178,5,10049,
0.10481733083724976,5,10059,
0.06742128729820251,5,10069,
0.0813402310013771,5,10079,
0.11670670658349991,5,10089,
0.06264354288578033,5,10099,
0.09477654844522476,5,10109,
0.05951200798153877,5,10119,
0.06911066919565201,5,10129,
0.047369975596666336,5,10139,
0.08103909343481064,5,10149,
0.08861664682626724,5,10159,
0.09202596545219421,5,10169,
0.10994306206703186,5,10179,
0.09315816313028336,5,10189,
0.09722327440977097,5,10199,
0.07637759298086166,5,10209,
0.0751163586974144,5,10219,
0.07653748989105225,5,10229,
0.10156179964542389,5,10239,
0.06622658669948578,5,10249,
0.08498886972665787,5,10259,
0.056659501045942307,5,10269,
0.067265085875988,5,10279,
0.058459240943193436,5,10289,
0.07484103739261627,5,10299,
0.07550185918807983,5,10309,
0.07112111151218414,5,10319,
0.1045861765742302,5,10329,
0.11998186260461807,5,10339,
0.05978069826960564,5,10349,
0.06708093732595444,5,10359,
0.06962629407644272,5,10369,
0.08627984672784805,5,10379,
0.0813993364572525,5,10389,
0.0807461068034172,5,10399,
0.0776505246758461,5,10409,
0.08054826408624649,5,10419,
0.10223177820444107,5,10429,
0.06970756500959396,5,10439,
0.14142389595508575,5,10449,
0.08493641763925552,5,10459,
0.03861074894666672,5,10469,
0.05200663581490517,5,10479,
0.06563261151313782,5,10489,
0.0847606211900711,5,10499,
0.08866969496011734,5,10509,
0.08748271316289902,5,10519,
0.05216340348124504,5,10529,
0.06788384914398193,5,10539,
0.10922586172819138,5,10549,
0.07743573188781738,5,10559,
0.1102539449930191,5,10569,
0.09122102707624435,5,10579,
0.07853231579065323,5,10589,
0.0770791545510292,5,10599,
0.0931323990225792,5,10609,
0.08777065575122833,5,10619,
0.0700746402144432,5,10629,
0.0790584459900856,5,10639,
0.05980107560753822,5,10649,
0.06390224397182465,5,10659,
0.12885065376758575,5,10669,
0.06174982339143753,5,10679,
0.050404004752635956,5,10689,
0.09639302641153336,5,10699,
0.05977490171790123,5,10709,
0.09352245926856995,5,10719,
0.1026679202914238,5,10729,
0.05430661141872406,5,10739,
0.0831010639667511,5,10749,
0.09145746380090714,5,10759,
0.07205230742692947,5,10769,
0.09522043168544769,5,10779,
0.0949055626988411,5,10789,
0.06704258918762207,5,10799,
0.07854090631008148,5,10809,
0.08455199748277664,5,10819,
0.0849216878414154,5,10829,
0.05779115483164787,5,10839,
0.05995374172925949,5,10849,
0.09797744452953339,5,10859,
0.0775231197476387,5,10869,
0.0878681093454361,5,10879,
0.08691061288118362,5,10889,
0.04776152968406677,5,10899,
0.07776790112257004,5,10909,
0.06713887304067612,5,10919,
0.08797166496515274,5,10929,
0.08706285059452057,5,10939,
0.10158409178256989,5,10949,
0.10693912953138351,5,10959,
0.0915437713265419,5,10969,
0.07622172683477402,5,10979,
0.06324151158332825,5,10989,
0.08629313111305237,5,10999,
0.06984855979681015,5,11009,
0.05970633029937744,5,11019,
0.08132956176996231,5,11029,
0.09412849694490433,5,11039,
0.09283113479614258,5,11049,
0.07779931277036667,5,11059,
0.09055481851100922,5,11069,
0.06470559537410736,5,11079,
0.0851622223854065,5,11089,
0.06590376049280167,5,11099,
0.06826325505971909,5,11109,
0.10072093456983566,5,11119,
0.06596823781728745,5,11129,
0.10242477804422379,5,11139,
0.07135305553674698,5,11149,
0.07431435585021973,5,11159,
0.07763238996267319,5,11169,
0.08544688671827316,5,11179,
0.0897512286901474,5,11189,
0.05576520413160324,5,11199,
0.08523498475551605,5,11209,
0.0682186707854271,5,11219,
0.08017942309379578,5,11229,
0.09007295221090317,5,11239,
0.0837252289056778,5,11249,
0.09639085084199905,5,11259,
0.05731283500790596,5,11269,
0.0773387998342514,5,11279,
0.06841198354959488,5,11289,
0.056340210139751434,5,11299,
0.07726770639419556,5,11309,
0.07303817570209503,5,11319,
0.07095417380332947,5,11329,
0.06321553140878677,5,11339,
0.06673524528741837,5,11349,
0.07017294317483902,5,11359,
0.11611644178628922,5,11369,
0.1004328653216362,5,11379,
0.07825525104999542,5,11389,
0.08479253947734833,5,11399,
0.0710323229432106,5,11409,
0.07386589795351028,5,11419,
0.056864552199840546,5,11429,
0.07848063111305237,5,11439,
0.07161177694797516,5,11449,
0.0745498314499855,5,11459,
0.08323102444410324,5,11469,
0.09512064605951309,5,11479,
0.050739385187625885,5,11489,
0.09883340448141098,5,11499,
0.08134303987026215,5,11509,
0.07545781880617142,5,11519,
0.07528948038816452,5,11529,
0.0562688447535038,5,11539,
0.08156417310237885,5,11549,
0.06871068477630615,5,11559,
0.086807481944561,5,11569,
0.07142961025238037,5,11579,
0.07696505635976791,5,11589,
0.09608131647109985,5,11599,
0.0686601921916008,5,11609,
0.08806180208921432,5,11619,
0.08564380556344986,5,11629,
0.059581391513347626,5,11639,
0.05137569457292557,5,11649,
0.08491914719343185,5,11659,
0.07496452331542969,5,11669,
0.07590693235397339,5,11679,
0.08752838522195816,5,11689,
0.06996641308069229,5,11699,
0.10455131530761719,5,11709,
0.05441306531429291,5,11719,
0.0712195560336113,5,11729,
0.0869920626282692,5,11739,
0.05764145404100418,5,11749,
0.11077126860618591,5,11759,
0.051070742309093475,5,11769,
0.08269087225198746,5,11779,
0.07686705887317657,5,11789,
,5,11795,0.07727990299463272
0.0726805031299591,6,11799,
0.08440995961427689,6,11809,
0.09886739403009415,6,11819,
0.08161821961402893,6,11829,
0.06835969537496567,6,11839,
0.06012492626905441,6,11849,
0.0713810846209526,6,11859,
0.07583744823932648,6,11869,
0.09154482930898666,6,11879,
0.0684032291173935,6,11889,
0.0390184223651886,6,11899,
0.076972097158432,6,11909,
0.08713911473751068,6,11919,
0.0864783301949501,6,11929,
0.058004122227430344,6,11939,
0.05239071696996689,6,11949,
0.07651735842227936,6,11959,
0.06250101327896118,6,11969,
0.07542094588279724,6,11979,
0.0856010690331459,6,11989,
0.0975705236196518,6,11999,
0.06286115199327469,6,12009,
0.046824414283037186,6,12019,
0.08690390735864639,6,12029,
0.0733400285243988,6,12039,
0.09695381671190262,6,12049,
0.08965657651424408,6,12059,
0.06926155835390091,6,12069,
0.07942672818899155,6,12079,
0.08139567822217941,6,12089,
0.0571778304874897,6,12099,
0.07859635353088379,6,12109,
0.05384787544608116,6,12119,
0.05010902136564255,6,12129,
0.057238366454839706,6,12139,
0.07735710591077805,6,12149,
0.08926819264888763,6,12159,
0.09952060133218765,6,12169,
0.06566956639289856,6,12179,
0.09451675415039062,6,12189,
0.09121141582727432,6,12199,
0.052769530564546585,6,12209,
0.059984464198350906,6,12219,
0.06293443590402603,6,12229,
0.06027241051197052,6,12239,
0.06059008091688156,6,12249,
0.07173822075128555,6,12259,
0.06645035743713379,6,12269,
0.047148097306489944,6,12279,
0.07470418512821198,6,12289,
0.08514498174190521,6,12299,
0.08320822566747665,6,12309,
0.08266934007406235,6,12319,
0.07159548997879028,6,12329,
0.04721156880259514,6,12339,
0.07030712068080902,6,12349,
0.07531918585300446,6,12359,
0.058371204882860184,6,12369,
0.0642784982919693,6,12379,
0.08941678702831268,6,12389,
0.08376769721508026,6,12399,
0.08107757568359375,6,12409,
0.062177419662475586,6,12419,
0.06056855991482735,6,12429,
0.06520599871873856,6,12439,
0.04225601628422737,6,12449,
0.050615571439266205,6,12459,
0.05960124731063843,6,12469,
0.06387922167778015,6,12479,
0.05835648998618126,6,12489,
0.05700058490037918,6,12499,
0.07502395659685135,6,12509,
0.07013047486543655,6,12519,
0.07471302151679993,6,12529,
0.11174187809228897,6,12539,
0.08417718857526779,6,12549,
0.07776252180337906,6,12559,
0.0818357840180397,6,12569,
0.08721093088388443,6,12579,
0.08837367594242096,6,12589,
0.0688415989279747,6,12599,
0.08012747019529343,6,12609,
0.06852295994758606,6,12619,
0.04815395176410675,6,12629,
0.06542820483446121,6,12639,
0.0709695890545845,6,12649,
0.08460729569196701,6,12659,
0.05172305554151535,6,12669,
0.06416802853345871,6,12679,
0.09275006502866745,6,12689,
0.0737852230668068,6,12699,
0.07831940799951553,6,12709,
0.052886057645082474,6,12719,
0.07194755971431732,6,12729,
0.06402447819709778,6,12739,
0.07844755053520203,6,12749,
0.07010987401008606,6,12759,
0.099491186439991,6,12769,
0.07393956184387207,6,12779,
0.11034542322158813,6,12789,
0.06850320100784302,6,12799,
0.05903293192386627,6,12809,
0.055073678493499756,6,12819,
0.07064542919397354,6,12829,
0.05580379068851471,6,12839,
0.04356488212943077,6,12849,
0.0820627436041832,6,12859,
0.09419778734445572,6,12869,
0.0655135065317154,6,12879,
0.04573552682995796,6,12889,
0.06623150408267975,6,12899,
0.09374886006116867,6,12909,
0.09605632722377777,6,12919,
0.08451829105615616,6,12929,
0.09946087002754211,6,12939,
0.0802898108959198,6,12949,
0.04455195739865303,6,12959,
0.08671552687883377,6,12969,
0.09268411248922348,6,12979,
0.06371724605560303,6,12989,
0.1038997694849968,6,12999,
0.07599002122879028,6,13009,
0.06437526643276215,6,13019,
0.057380106300115585,6,13029,
0.057380784302949905,6,13039,
0.07782898098230362,6,13049,
0.035788554698228836,6,13059,
0.04800033941864967,6,13069,
0.08249010145664215,6,13079,
0.08539117872714996,6,13089,
0.05942606180906296,6,13099,
0.07752890139818192,6,13109,
0.08329525589942932,6,13119,
0.04433651641011238,6,13129,
0.04294317215681076,6,13139,
0.07573454827070236,6,13149,
0.07592300325632095,6,13159,
0.056624334305524826,6,13169,
0.07397613674402237,6,13179,
0.07237715274095535,6,13189,
0.048360057175159454,6,13199,
0.09538008272647858,6,13209,
0.057705480605363846,6,13219,
0.06353133916854858,6,13229,
0.05412561446428299,6,13239,
0.06628792732954025,6,13249,
0.08576474338769913,6,13259,
0.07640483975410461,6,13269,
0.07049773633480072,6,13279,
0.054835665971040726,6,13289,
0.07090690732002258,6,13299,
0.05490197613835335,6,13309,
0.06917925924062729,6,13319,
0.05710287392139435,6,13329,
0.07383338361978531,6,13339,
0.04844032600522041,6,13349,
0.05077033489942551,6,13359,
0.06469787657260895,6,13369,
0.07156733423471451,6,13379,
0.07018692046403885,6,13389,
0.05941659212112427,6,13399,
0.061999812722206116,6,13409,
0.05468903109431267,6,13419,
0.059578411281108856,6,13429,
0.08233238756656647,6,13439,
0.058991629630327225,6,13449,
0.08138290792703629,6,13459,
0.06271670013666153,6,13469,
0.07450772821903229,6,13479,
0.06634677946567535,6,13489,
0.06878568977117538,6,13499,
0.07196202874183655,6,13509,
0.07501869648694992,6,13519,
0.05327655375003815,6,13529,
0.05591948702931404,6,13539,
0.07932975143194199,6,13549,
0.07097391039133072,6,13559,
0.07341405004262924,6,13569,
0.06502778083086014,6,13579,
0.08127211034297943,6,13589,
0.07913050800561905,6,13599,
0.047280311584472656,6,13609,
0.08944081515073776,6,13619,
0.07435838133096695,6,13629,
0.09054046124219894,6,13639,
0.05520237609744072,6,13649,
0.06742015480995178,6,13659,
0.07464997470378876,6,13669,
0.08697780966758728,6,13679,
0.05836139991879463,6,13689,
0.08246646821498871,6,13699,
0.05687575787305832,6,13709,
0.06106492504477501,6,13719,
0.05974702164530754,6,13729,
0.0787019431591034,6,13739,
0.08711186796426773,6,13749,
0.05153927579522133,6,13759,
,6,13761,0.06944265961647034
0.0630946233868599,7,13769,
0.07651474326848984,7,13779,
0.051470059901475906,7,13789,
0.06666956096887589,7,13799,
0.07382805645465851,7,13809,
0.04159444570541382,7,13819,
0.04388941079378128,7,13829,
0.06711564213037491,7,13839,
0.06112440302968025,7,13849,
0.05388183146715164,7,13859,
0.06981023401021957,7,13869,
0.0630539283156395,7,13879,
0.0919717401266098,7,13889,
0.06322799623012543,7,13899,
0.08258817344903946,7,13909,
0.0646997019648552,7,13919,
0.06303444504737854,7,13929,
0.06912677735090256,7,13939,
0.07025611400604248,7,13949,
0.07410220056772232,7,13959,
0.06509942561388016,7,13969,
0.05571969226002693,7,13979,
0.05773332342505455,7,13989,
0.04547366872429848,7,13999,
0.08508647233247757,7,14009,
0.06183101236820221,7,14019,
0.06961831450462341,7,14029,
0.05241050198674202,7,14039,
0.0779731273651123,7,14049,
0.0550009161233902,7,14059,
0.07311312854290009,7,14069,
0.07570310682058334,7,14079,
0.05386313423514366,7,14089,
0.09744469076395035,7,14099,
0.08706295490264893,7,14109,
0.09424696117639542,7,14119,
0.03955048322677612,7,14129,
0.05582856014370918,7,14139,
0.051221806555986404,7,14149,
0.06864117085933685,7,14159,
0.05763207748532295,7,14169,
0.1200389638543129,7,14179,
0.06547293812036514,7,14189,
0.05222528800368309,7,14199,
0.06775380671024323,7,14209,
0.07510487735271454,7,14219,
0.06706228852272034,7,14229,
0.06377080827951431,7,14239,
0.07738248258829117,7,14249,
0.06290949136018753,7,14259,
0.04458242654800415,7,14269,
0.08775965124368668,7,14279,
0.04643530771136284,7,14289,
0.06405619531869888,7,14299,
0.05349628999829292,7,14309,
0.057718463242053986,7,14319,
0.048273418098688126,7,14329,
0.08514318615198135,7,14339,
0.07130137085914612,7,14349,
0.07234655320644379,7,14359,
0.05436040461063385,7,14369,
0.059654224663972855,7,14379,
0.05570806562900543,7,14389,
0.06323975324630737,7,14399,
0.07794631272554398,7,14409,
0.0605197548866272,7,14419,
0.05970301106572151,7,14429,
0.0702822208404541,7,14439,
0.0671578124165535,7,14449,
0.044283438473939896,7,14459,
0.05205585062503815,7,14469,
0.04485396668314934,7,14479,
0.06766532361507416,7,14489,
0.06226566061377525,7,14499,
0.08070666342973709,7,14509,
0.09732834249734879,7,14519,
0.060590606182813644,7,14529,
0.06384524703025818,7,14539,
0.06509626656770706,7,14549,
0.05233969911932945,7,14559,
0.05391133576631546,7,14569,
0.053828246891498566,7,14579,
0.07829828560352325,7,14589,
0.051313191652297974,7,14599,
0.059625983238220215,7,14609,
0.08409600704908371,7,14619,
0.07269767671823502,7,14629,
0.054663170129060745,7,14639,
0.04999033734202385,7,14649,
0.06105400621891022,7,14659,
0.07204397767782211,7,14669,
0.04886627197265625,7,14679,
0.08325842022895813,7,14689,
0.05494961142539978,7,14699,
0.0653701201081276,7,14709,
0.0704173743724823,7,14719,
0.034219637513160706,7,14729,
0.07423336058855057,7,14739,
0.0466618612408638,7,14749,
0.062400951981544495,7,14759,
0.08028195053339005,7,14769,
0.07730970531702042,7,14779,
0.05140073969960213,7,14789,
0.06010176241397858,7,14799,
0.05263476446270943,7,14809,
0.04407088831067085,7,14819,
0.05067424103617668,7,14829,
0.06100969761610031,7,14839,
0.05743277817964554,7,14849,
0.06677655875682831,7,14859,
0.056790027767419815,7,14869,
0.04825418069958687,7,14879,
0.04303376004099846,7,14889,
0.04004586488008499,7,14899,
0.06759011000394821,7,14909,
0.06178104877471924,7,14919,
0.05702149122953415,7,14929,
0.04959975183010101,7,14939,
0.07956017553806305,7,14949,
0.07532880455255508,7,14959,
0.04667122662067413,7,14969,
0.07383191585540771,7,14979,
0.037659209221601486,7,14989,
0.07144246250391006,7,14999,
0.04997887834906578,7,15009,
0.050697945058345795,7,15019,
0.059915781021118164,7,15029,
0.08028997480869293,7,15039,
0.051223911345005035,7,15049,
0.03371576964855194,7,15059,
0.059487298130989075,7,15069,
0.06451531499624252,7,15079,
0.057914264500141144,7,15089,
0.06937061250209808,7,15099,
0.04388834908604622,7,15109,
0.07269255071878433,7,15119,
0.05267126113176346,7,15129,
0.0771009773015976,7,15139,
0.06856539845466614,7,15149,
0.07418519258499146,7,15159,
0.06650985777378082,7,15169,
0.07223287224769592,7,15179,
0.0698198452591896,7,15189,
0.0722518265247345,7,15199,
0.06738724559545517,7,15209,
0.047134850174188614,7,15219,
0.09468382596969604,7,15229,
0.043885402381420135,7,15239,
0.0442410372197628,7,15249,
0.07188602536916733,7,15259,
0.06695908308029175,7,15269,
0.0715046226978302,7,15279,
0.04819468781352043,7,15289,
0.06390389055013657,7,15299,
0.07191167771816254,7,15309,
0.058248478919267654,7,15319,
0.05290055647492409,7,15329,
0.06928470730781555,7,15339,
0.05935042351484299,7,15349,
0.05212083086371422,7,15359,
0.0409577377140522,7,15369,
0.082105852663517,7,15379,
0.0695570856332779,7,15389,
0.08361562341451645,7,15399,
0.07050744444131851,7,15409,
0.06419108062982559,7,15419,
0.06151607260107994,7,15429,
0.05008811131119728,7,15439,
0.07699576020240784,7,15449,
0.06669531762599945,7,15459,
0.048327259719371796,7,15469,
0.053918320685625076,7,15479,
0.062265846878290176,7,15489,
0.06699658930301666,7,15499,
0.059416353702545166,7,15509,
0.08130691945552826,7,15519,
0.05689624324440956,7,15529,
0.037494558840990067,7,15539,
0.04017483815550804,7,15549,
0.0703769102692604,7,15559,
0.06124727055430412,7,15569,
0.06415236741304398,7,15579,
0.07274365425109863,7,15589,
0.041646379977464676,7,15599,
0.04640651494264603,7,15609,
0.06323783844709396,7,15619,
0.05342423543334007,7,15629,
0.05497602000832558,7,15639,
0.058225180953741074,7,15649,
0.06250318884849548,7,15659,
0.061145585030317307,7,15669,
0.03838658332824707,7,15679,
0.08154164254665375,7,15689,
0.05963945388793945,7,15699,
0.051581792533397675,7,15709,
0.09881041198968887,7,15719,
,7,15727,0.06435677409172058
0.06351067125797272,8,15729,
0.05616743117570877,8,15739,
0.05254380777478218,8,15749,
0.05092267319560051,8,15759,
0.062060821801424026,8,15769,
0.0687895193696022,8,15779,
0.0653621256351471,8,15789,
0.07682958990335464,8,15799,
0.06869658827781677,8,15809,
0.043929386883974075,8,15819,
0.05445410683751106,8,15829,
0.06255289912223816,8,15839,
0.07851075381040573,8,15849,
0.05953172966837883,8,15859,
0.06956551223993301,8,15869,
0.04900452867150307,8,15879,
0.06873688846826553,8,15889,
0.08066806197166443,8,15899,
0.07065648585557938,8,15909,
0.06939347088336945,8,15919,
0.06079800799489021,8,15929,
0.056393105536699295,8,15939,
0.043996963649988174,8,15949,
0.07292318344116211,8,15959,
0.06339091807603836,8,15969,
0.08208290487527847,8,15979,
0.04893122613430023,8,15989,
0.0885787159204483,8,15999,
0.05397533252835274,8,16009,
0.06508877873420715,8,16019,
0.05260320380330086,8,16029,
0.06548986583948135,8,16039,
0.08142337948083878,8,16049,
0.054916396737098694,8,16059,
0.03589405491948128,8,16069,
0.040964752435684204,8,16079,
0.06283814460039139,8,16089,
0.05659356340765953,8,16099,
0.07972384989261627,8,16109,
0.07778195291757584,8,16119,
0.0818646177649498,8,16129,
0.052446868270635605,8,16139,
0.05901069939136505,8,16149,
0.05106977000832558,8,16159,
0.04564264044165611,8,16169,
0.06396015733480453,8,16179,
0.08606331795454025,8,16189,
0.08061403781175613,8,16199,
0.07747949659824371,8,16209,
0.07410965859889984,8,16219,
0.05529360845685005,8,16229,
0.06237897649407387,8,16239,
0.058128807693719864,8,16249,
0.054120734333992004,8,16259,
0.03823017328977585,8,16269,
0.07457289844751358,8,16279,
0.06597115844488144,8,16289,
0.05862491577863693,8,16299,
0.07818244397640228,8,16309,
0.057690221816301346,8,16319,
0.06789384037256241,8,16329,
0.06001358479261398,8,16339,
0.07008830457925797,8,16349,
0.06009350344538689,8,16359,
0.10399297624826431,8,16369,
0.0839003473520279,8,16379,
0.04673751816153526,8,16389,
0.06386514008045197,8,16399,
0.06708370894193649,8,16409,
0.07911280542612076,8,16419,
0.05564107000827789,8,16429,
0.0725843533873558,8,16439,
0.09154195338487625,8,16449,
0.06017820164561272,8,16459,
0.051428623497486115,8,16469,
0.06182127445936203,8,16479,
0.046577539294958115,8,16489,
0.03775598853826523,8,16499,
0.06505116820335388,8,16509,
0.0695473924279213,8,16519,
0.06128202751278877,8,16529,
0.06264388561248779,8,16539,
0.055016450583934784,8,16549,
0.07164314389228821,8,16559,
0.06676903367042542,8,16569,
0.06313661485910416,8,16579,
0.05343688651919365,8,16589,
0.06209238991141319,8,16599,
0.055633921176195145,8,16609,
0.06980632245540619,8,16619,
0.05321744456887245,8,16629,
0.06383184343576431,8,16639,
0.06316978484392166,8,16649,
0.05749658867716789,8,16659,
0.07690690457820892,8,16669,
0.04139486327767372,8,16679,
0.0620647594332695,8,16689,
0.04891301319003105,8,16699,
0.04997748136520386,8,16709,
0.036117877811193466,8,16719,
0.09388590604066849,8,16729,
0.07329986989498138,8,16739,
0.054863832890987396,8,16749,
0.06521596014499664,8,16759,
0.07843673229217529,8,16769,
0.05419481545686722,8,16779,
0.06932543218135834,8,16789,
0.07140456140041351,8,16799,
0.07273142784833908,8,16809,
0.07464911788702011,8,16819,
0.0624089241027832,8,16829,
0.0696202963590622,8,16839,
0.06027093157172203,8,16849,
0.06979864090681076,8,16859,
0.06613504886627197,8,16869,
0.0512126162648201,8,16879,
0.07360754907131195,8,16889,
0.06628993153572083,8,16899,
0.08515143394470215,8,16909,
0.04837358742952347,8,16919,
0.09048698842525482,8,16929,
0.06554605066776276,8,16939,
0.0526975616812706,8,16949,
0.0553155280649662,8,16959,
0.07056821137666702,8,16969,
0.061996687203645706,8,16979,
0.047458622604608536,8,16989,
0.05739288404583931,8,16999,
0.08772300183773041,8,17009,
0.050492290407419205,8,17019,
0.055758196860551834,8,17029,
0.06291960924863815,8,17039,
0.05214047431945801,8,17049,
0.07303743809461594,8,17059,
0.0561569482088089,8,17069,
0.03988492488861084,8,17079,
0.07512979954481125,8,17089,
0.04941274970769882,8,17099,
0.09983520209789276,8,17109,
0.06210177391767502,8,17119,
0.05193932726979256,8,17129,
0.048147305846214294,8,17139,
0.05518225207924843,8,17149,
0.07452712208032608,8,17159,
0.05495172366499901,8,17169,
0.06319423764944077,8,17179,
0.051312949508428574,8,17189,
0.07265732437372208,8,17199,
0.059386663138866425,8,17209,
0.0623868964612484,8,17219,
0.09501758962869644,8,17229,
0.05291442200541496,8,17239,
0.04928981885313988,8,17249,
0.06122298538684845,8,17259,
0.06152718514204025,8,17269,
0.07512199878692627,8,17279,
0.06606695801019669,8,17289,
0.05286749079823494,8,17299,
0.06489764153957367,8,17309,
0.06663812696933746,8,17319,
0.0817704051733017,8,17329,
0.08565203100442886,8,17339,
0.048099711537361145,8,17349,
0.043609652668237686,8,17359,
0.07754671573638916,8,17369,
0.048895690590143204,8,17379,
0.06650733947753906,8,17389,
0.054876528680324554,8,17399,
0.04987730830907822,8,17409,
0.0656513124704361,8,17419,
0.037749119102954865,8,17429,
0.0332043282687664,8,17439,
0.054678380489349365,8,17449,
0.062283966690301895,8,17459,
0.05216445028781891,8,17469,
0.06157398223876953,8,17479,
0.06698494404554367,8,17489,
0.06078461930155754,8,17499,
0.06740815192461014,8,17509,
0.032939787954092026,8,17519,
0.09914543479681015,8,17529,
0.06160581856966019,8,17539,
0.05799870938062668,8,17549,
0.0544600673019886,8,17559,
0.05498877540230751,8,17569,
0.05649643391370773,8,17579,
0.050813689827919006,8,17589,
0.04451345279812813,8,17599,
0.05877619981765747,8,17609,
0.07594975084066391,8,17619,
0.05050038546323776,8,17629,
0.05727248638868332,8,17639,
0.06792160123586655,8,17649,
0.0598597526550293,8,17659,
0.08106693625450134,8,17669,
0.05098315328359604,8,17679,
0.07527480274438858,8,17689,
,8,17693,0.06208887696266174
0.05736604705452919,9,17699,
0.06519904732704163,9,17709,
0.039015885442495346,9,17719,
0.061363585293293,9,17729,
0.05009495094418526,9,17739,
0.06478890031576157,9,17749,
0.059202924370765686,9,17759,
0.05202407017350197,9,17769,
0.03976490721106529,9,17779,
0.0692955031991005,9,17789,
0.04675732180476189,9,17799,
0.052343640476465225,9,17809,
0.045869436115026474,9,17819,
0.07978130877017975,9,17829,
0.035412974655628204,9,17839,
0.05599893629550934,9,17849,
0.07015372812747955,9,17859,
0.06500259786844254,9,17869,
0.07481738924980164,9,17879,
0.06750017404556274,9,17889,
0.05727953463792801,9,17899,
0.04643400385975838,9,17909,
0.0506816990673542,9,17919,
0.07758085429668427,9,17929,
0.07190479338169098,9,17939,
0.06890977919101715,9,17949,
0.06520974636077881,9,17959,
0.04507647082209587,9,17969,
0.07502291351556778,9,17979,
0.09080205112695694,9,17989,
0.06201724335551262,9,17999,
0.04587266966700554,9,18009,
0.06577916443347931,9,18019,
0.04733290150761604,9,18029,
0.03756459429860115,9,18039,
0.03582651913166046,9,18049,
0.04555565118789673,9,18059,
0.06553635746240616,9,18069,
0.06857257336378098,9,18079,
0.08159208297729492,9,18089,
0.07283779233694077,9,18099,
0.06162114813923836,9,18109,
0.059687573462724686,9,18119,
0.054058004170656204,9,18129,
0.07144436240196228,9,18139,
0.06117871031165123,9,18149,
0.05456925928592682,9,18159,
0.08170829713344574,9,18169,
0.07297313213348389,9,18179,
0.0458659902215004,9,18189,
0.050503503531217575,9,18199,
0.05772148445248604,9,18209,
0.06568429619073868,9,18219,
0.0526270791888237,9,18229,
0.05556070804595947,9,18239,
0.05303722992539406,9,18249,
0.06943654268980026,9,18259,
0.05331991985440254,9,18269,
0.06274178624153137,9,18279,
0.06544101238250732,9,18289,
0.049632687121629715,9,18299,
0.07408744841814041,9,18309,
0.04711504653096199,9,18319,
0.04478217661380768,9,18329,
0.06716973334550858,9,18339,
0.053982071578502655,9,18349,
0.0957213044166565,9,18359,
0.06777385622262955,9,18369,
0.07410667836666107,9,18379,
0.06293121725320816,9,18389,
0.075235515832901,9,18399,
0.05200715735554695,9,18409,
0.07510882616043091,9,18419,
0.06141285225749016,9,18429,
0.06014169752597809,9,18439,
0.05505519360303879,9,18449,
0.072549968957901,9,18459,
0.06568647176027298,9,18469,
0.05808267369866371,9,18479,
0.07570851594209671,9,18489,
0.052635084837675095,9,18499,
0.04072076827287674,9,18509,
0.06297712028026581,9,18519,
0.04884607717394829,9,18529,
0.05800740793347359,9,18539,
0.03524903953075409,9,18549,
0.08352858573198318,9,18559,
0.038666412234306335,9,18569,
0.06929174065589905,9,18579,
0.050344839692115784,9,18589,
0.07113540172576904,9,18599,
0.06153567135334015,9,18609,
0.08890754729509354,9,18619,
0.05026601254940033,9,18629,
0.045712895691394806,9,18639,
0.05465269833803177,9,18649,
0.057988882064819336,9,18659,
0.052081186324357986,9,18669,
0.057661786675453186,9,18679,
0.04961548373103142,9,18689,
0.09710536897182465,9,18699,
0.04139348492026329,9,18709,
0.058885667473077774,9,18719,
0.06303051859140396,9,18729,
0.06353870779275894,9,18739,
0.057265765964984894,9,18749,
0.03982478007674217,9,18759,
0.05707259848713875,9,18769,
0.040547437965869904,9,18779,
0.07092193514108658,9,18789,
0.06506286561489105,9,18799,
0.05595933645963669,9,18809,
0.10399329662322998,9,18819,
0.05153884366154671,9,18829,
0.07835985720157623,9,18839,
0.06041359901428223,9,18849,
0.08985390514135361,9,18859,
0.04635478928685188,9,18869,
0.08219657838344574,9,18879,
0.057099681347608566,9,18889,
0.048456162214279175,9,18899,
0.07845673710107803,9,18909,
0.07428497821092606,9,18919,
0.049332328140735626,9,18929,
0.07592985033988953,9,18939,
0.05835200101137161,9,18949,
0.05900232121348381,9,18959,
0.04501037672162056,9,18969,
0.05814949795603752,9,18979,
0.04426048323512077,9,18989,
0.058310091495513916,9,18999,
0.05293560028076172,9,19009,
0.07574436813592911,9,19019,
0.051171593368053436,9,19029,
0.07004775106906891,9,19039,
0.06406263262033463,9,19049,
0.05613541603088379,9,19059,
0.05434003099799156,9,19069,
0.05494023859500885,9,19079,
0.08343806862831116,9,19089,
0.045725516974925995,9,19099,
0.036523375660181046,9,19109,
0.05617880821228027,9,19119,
0.07621363550424576,9,19129,
0.03817218542098999,9,19139,
0.09772282093763351,9,19149,
0.08069092035293579,9,19159,
0.06851447373628616,9,19169,
0.0701475441455841,9,19179,
0.0899709090590477,9,19189,
0.046246595680713654,9,19199,
0.06516546756029129,9,19209,
0.05381064862012863,9,19219,
0.04696018993854523,9,19229,
0.055199917405843735,9,19239,
0.046713974326848984,9,19249,
0.06777774542570114,9,19259,
0.09369035810232162,9,19269,
0.06153890863060951,9,19279,
0.08678684383630753,9,19289,
0.05893874168395996,9,19299,
0.07306239008903503,9,19309,
0.05241643264889717,9,19319,
0.06593183428049088,9,19329,
0.07214776426553726,9,19339,
0.050044603645801544,9,19349,
0.0643264502286911,9,19359,
0.05569637566804886,9,19369,
0.06762934476137161,9,19379,
0.03862559795379639,9,19389,
0.04911797493696213,9,19399,
0.05667709559202194,9,19409,
0.046940483152866364,9,19419,
0.05580328777432442,9,19429,
0.05014897137880325,9,19439,
0.08029503375291824,9,19449,
0.06375239789485931,9,19459,
0.05344759300351143,9,19469,
0.062004778534173965,9,19479,
0.06105088070034981,9,19489,
0.05984322354197502,9,19499,
0.049048107117414474,9,19509,
0.036222878843545914,9,19519,
0.05609157308936119,9,19529,
0.0418570339679718,9,19539,
0.05621553957462311,9,19549,
0.06089552119374275,9,19559,
0.05535689741373062,9,19569,
0.07404060661792755,9,19579,
0.046599384397268295,9,19589,
0.05495603755116463,9,19599,
0.06219448521733284,9,19609,
0.03879287466406822,9,19619,
0.0666951909661293,9,19629,
0.04436185583472252,9,19639,
0.05358147621154785,9,19649,
0.047983113676309586,9,19659,
,9,19659,0.05952581763267517
0.05114022269845009,10,19669,
0.07097135484218597,10,19679,
0.05160393565893173,10,19689,
0.07327064871788025,10,19699,
0.07576391845941544,10,19709,
0.06002139300107956,10,19719,
0.04993858560919762,10,19729,
0.07464543730020523,10,19739,
0.046047624200582504,10,19749,
0.05649726837873459,10,19759,
0.07184529304504395,10,19769,
0.06940744072198868,10,19779,
0.039966680109500885,10,19789,
0.06921262294054031,10,19799,
0.03827531635761261,10,19809,
0.05208732560276985,10,19819,
0.05037860944867134,10,19829,
0.07363254576921463,10,19839,
0.049835462123155594,10,19849,
0.06959269195795059,10,19859,
0.06586300581693649,10,19869,
0.07068230211734772,10,19879,
0.054673392325639725,10,19889,
0.060188520699739456,10,19899,
0.05270365625619888,10,19909,
0.055549509823322296,10,19919,
0.04559044539928436,10,19929,
0.06419169902801514,10,19939,
0.05847642198204994,10,19949,
0.06138627603650093,10,19959,
0.03332763910293579,10,19969,
0.05132877826690674,10,19979,
0.04710200056433678,10,19989,
0.06373342871665955,10,19999,
0.034801747649908066,10,20009,
0.06196284294128418,10,20019,
0.043836966156959534,10,20029,
0.04889614135026932,10,20039,
0.04927365109324455,10,20049,
0.053677998483181,10,20059,
0.0833694115281105,10,20069,
0.0625000149011612,10,20079,
0.06384437531232834,10,20089,
0.04237305372953415,10,20099,
0.08642756938934326,10,20109,
0.057175975292921066,10,20119,
0.049205660820007324,10,20129,
0.06578424572944641,10,20139,
0.08646269142627716,10,20149,
0.04372326284646988,10,20159,
0.05392502620816231,10,20169,
0.06530698388814926,10,20179,
0.03812330588698387,10,20189,
0.11511407792568207,10,20199,
0.054350484162569046,10,20209,
0.04169003292918205,10,20219,
0.06275961548089981,10,20229,
0.08032454550266266,10,20239,
0.05477037653326988,10,20249,
0.05912018567323685,10,20259,
0.04890147224068642,10,20269,
0.042898595333099365,10,20279,
0.08039446920156479,10,20289,
0.06192562356591225,10,20299,
0.052616238594055176,10,20309,
0.06965002417564392,10,20319,
0.05394279956817627,10,20329,
0.0519573874771595,10,20339,
0.05675569549202919,10,20349,
0.08013752102851868,10,20359,
0.058830976486206055,10,20369,
0.06575401872396469,10,20379,
0.04923098534345627,10,20389,
0.06636610627174377,10,20399,
0.04511340335011482,10,20409,
0.10004013031721115,10,20419,
0.07322269678115845,10,20429,
0.05370981991291046,10,20439,
0.061873700469732285,10,20449,
0.049479711800813675,10,20459,
0.06446415930986404,10,20469,
0.09228018671274185,10,20479,
0.058166272938251495,10,20489,
0.07299221307039261,10,20499,
0.08037163317203522,10,20509,
0.06484076380729675,10,20519,
0.07231143862009048,10,20529,
0.06098351255059242,10,20539,
0.04427966848015785,10,20549,
0.06322482228279114,10,20559,
0.09327302873134613,10,20569,
0.07855002582073212,10,20579,
0.052420057356357574,10,20589,
0.045357007533311844,10,20599,
0.06241268664598465,10,20609,
0.05686787888407707,10,20619,
0.03755801171064377,10,20629,
0.06544194370508194,10,20639,
0.04777020961046219,10,20649,
0.055164139717817307,10,20659,
0.06641457229852676,10,20669,
0.058669012039899826,10,20679,
0.05884549394249916,10,20689,
0.04820070043206215,10,20699,
0.058240924030542374,10,20709,
0.07053205370903015,10,20719,
0.0554657056927681,10,20729,
0.058591533452272415,10,20739,
0.06301901489496231,10,20749,
0.06332520395517349,10,20759,
0.06646699458360672,10,20769,
0.04684988409280777,10,20779,
0.04930901527404785,10,20789,
0.06835657358169556,10,20799,
0.044008176773786545,10,20809,
0.04978020116686821,10,20819,
0.06085752695798874,10,20829,
0.05116680637001991,10,20839,
0.07381999492645264,10,20849,
0.05033673718571663,10,20859,
0.04986994341015816,10,20869,
0.053330130875110626,10,20879,
0.06066121160984039,10,20889,
0.05747707560658455,10,20899,
0.04396095499396324,10,20909,
0.05127982050180435,10,20919,
0.09052753448486328,10,20929,
0.08670876175165176,10,20939,
0.08330859988927841,10,20949,
0.06031598150730133,10,20959,
0.05874268338084221,10,20969,
0.057176828384399414,10,20979,
0.04165298864245415,10,20989,
0.03842904791235924,10,20999,
0.03013853169977665,10,21009,
0.04565288498997688,10,21019,
0.05911647155880928,10,21029,
0.03634350746870041,10,21039,
0.043035782873630524,10,21049,
0.06898953020572662,10,21059,
0.045471299439668655,10,21069,
0.06213567778468132,10,21079,
0.05131322145462036,10,21089,
0.054369814693927765,10,21099,
0.0450621172785759,10,21109,
0.055255062878131866,10,21119,
0.055819325149059296,10,21129,
0.05680086836218834,10,21139,
0.04839557409286499,10,21149,
0.07485728710889816,10,21159,
0.06299906224012375,10,21169,
0.05254462733864784,10,21179,
0.0819459781050682,10,21189,
0.053468406200408936,10,21199,
0.06496912240982056,10,21209,
0.04649213328957558,10,21219,
0.07406176626682281,10,21229,
0.06583892554044724,10,21239,
0.06648048758506775,10,21249,
0.04510930925607681,10,21259,
0.049264196306467056,10,21269,
0.056742992252111435,10,21279,
0.0530463382601738,10,21289,
0.056723859161138535,10,21299,
0.053953878581523895,10,21309,
0.061262503266334534,10,21319,
0.05186903476715088,10,21329,
0.04315982386469841,10,21339,
0.060360923409461975,10,21349,
0.055148184299468994,10,21359,
0.05497336387634277,10,21369,
0.08814205229282379,10,21379,
0.06673713773488998,10,21389,
0.05470525100827217,10,21399,
0.04429079592227936,10,21409,
0.08374843746423721,10,21419,
0.05095450207591057,10,21429,
0.06047659367322922,10,21439,
0.04926466569304466,10,21449,
0.05794921889901161,10,21459,
0.06370455026626587,10,21469,
0.04841354861855507,10,21479,
0.05569067224860191,10,21489,
0.0809023529291153,10,21499,
0.06744062155485153,10,21509,
0.056101638823747635,10,21519,
0.05527225881814957,10,21529,
0.058451320976018906,10,21539,
0.06527052819728851,10,21549,
0.054253339767456055,10,21559,
0.06777769327163696,10,21569,
0.06679268926382065,10,21579,
0.0995539203286171,10,21589,
0.040228407829999924,10,21599,
0.05322602018713951,10,21609,
0.06343211233615875,10,21619,
,10,21625,0.05843069404363632
0.07297129929065704,11,21629,
0.05392666533589363,11,21639,
0.07567284256219864,11,21649,
0.05797702074050903,11,21659,
0.07093533128499985,11,21669,
0.05356293171644211,11,21679,
0.05745040252804756,11,21689,
0.055001914501190186,11,21699,
0.049091268330812454,11,21709,
0.06671711057424545,11,21719,
0.06426196545362473,11,21729,
0.0765068307518959,11,21739,
0.062494754791259766,11,21749,
0.062015287578105927,11,21759,
0.04677103832364082,11,21769,
0.07925593852996826,11,21779,
0.04882397875189781,11,21789,
0.054562490433454514,11,21799,
0.07371632009744644,11,21809,
0.04862397909164429,11,21819,
0.04696936160326004,11,21829,
0.05008915439248085,11,21839,
0.05939625948667526,11,21849,
0.05354892089962959,11,21859,
0.04050116613507271,11,21869,
0.05926259979605675,11,21879,
0.055329084396362305,11,21889,
0.08745400607585907,11,21899,
0.059273283928632736,11,21909,
0.07770352810621262,11,21919,
0.05175825208425522,11,21929,
0.058962710201740265,11,21939,
0.05670797824859619,11,21949,
0.055372048169374466,11,21959,
0.05367047339677811,11,21969,
0.04679279774427414,11,21979,
0.06609969586133957,11,21989,
0.06980541348457336,11,21999,
0.08045059442520142,11,22009,
0.06673363596200943,11,22019,
0.05975592881441116,11,22029,
0.04670368880033493,11,22039,
0.07581383734941483,11,22049,
0.06831692904233932,11,22059,
0.054356761276721954,11,22069,
0.046083200722932816,11,22079,
0.043921273201704025,11,22089,
0.061744529753923416,11,22099,
0.05530304089188576,11,22109,
0.05663658678531647,11,22119,
0.048733606934547424,11,22129,
0.05279361084103584,11,22139,
0.04427020996809006,11,22149,
0.09703189879655838,11,22159,
0.04084758087992668,11,22169,
0.060435548424720764,11,22179,
0.06082349270582199,11,22189,
0.07098046690225601,11,22199,
0.06596120446920395,11,22209,
0.04469902440905571,11,22219,
0.053375791758298874,11,22229,
0.0529974028468132,11,22239,
0.05542916804552078,11,22249,
0.05769969895482063,11,22259,
0.06840412318706512,11,22269,
0.03726857528090477,11,22279,
0.052550919353961945,11,22289,
0.047815777361392975,11,22299,
0.051600925624370575,11,22309,
0.05248750001192093,11,22319,
0.047291651368141174,11,22329,
0.07562035322189331,11,22339,
0.05221858248114586,11,22349,
0.08454927057027817,11,22359,
0.06539078056812286,11,22369,
0.06917113065719604,11,22379,
0.04972656071186066,11,22389,
0.03482842072844505,11,22399,
0.03757632151246071,11,22409,
0.046838629990816116,11,22419,
0.07946587353944778,11,22429,
0.05581769719719887,11,22439,
0.04237104207277298,11,22449,
0.03153570368885994,11,22459,
0.03979722037911415,11,22469,
0.046997565776109695,11,22479,
0.08024434000253677,11,22489,
0.06461155414581299,11,22499,
0.047069352120161057,11,22509,
0.06445582956075668,11,22519,
0.05186965689063072,11,22529,
0.05639300122857094,11,22539,
0.0518144890666008,11,22549,
0.03052482381463051,11,22559,
0.08270775526762009,11,22569,
0.06003826856613159,11,22579,
0.04784885421395302,11,22589,
0.054487284272909164,11,22599,
0.04350709170103073,11,22609,
0.038894712924957275,11,22619,
0.0528649166226387,11,22629,
0.0711168721318245,11,22639,
0.05567744001746178,11,22649,
0.04503200203180313,11,22659,
0.055183522403240204,11,22669,
0.0409693717956543,11,22679,
0.051616545766592026,11,22689,
0.058837760239839554,11,22699,
0.05901673808693886,11,22709,
0.06893233209848404,11,22719,
0.06137656047940254,11,22729,
0.03972473368048668,11,22739,
0.06527260690927505,11,22749,
0.04768482968211174,11,22759,
0.04159106686711311,11,22769,
0.05086365342140198,11,22779,
0.06128116324543953,11,22789,
0.07268939912319183,11,22799,
0.039022963494062424,11,22809,
0.05246018245816231,11,22819,
0.06178908795118332,11,22829,
0.053056199103593826,11,22839,
0.07607047259807587,11,22849,
0.05690149590373039,11,22859,
0.054834458976984024,11,22869,
0.076581209897995,11,22879,
0.038651712238788605,11,22889,
0.054606735706329346,11,22899,
0.0702822208404541,11,22909,
0.05688709765672684,11,22919,
0.06629940122365952,11,22929,
0.06362883001565933,11,22939,
0.06093495339155197,11,22949,
0.056956369429826736,11,22959,
0.05878453701734543,11,22969,
0.041399579495191574,11,22979,
0.06261672079563141,11,22989,
0.05889369547367096,11,22999,
0.06528132408857346,11,23009,
0.05707475170493126,11,23019,
0.05548709258437157,11,23029,
0.043817441910505295,11,23039,
0.06454438716173172,11,23049,
0.048314113169908524,11,23059,
0.07381254434585571,11,23069,
0.06751421838998795,11,23079,
0.0744970515370369,11,23089,
0.054762568324804306,11,23099,
0.0553024485707283,11,23109,
0.05135900899767876,11,23119,
0.0663096085190773,11,23129,
0.06367496401071548,11,23139,
0.0689917504787445,11,23149,
0.06301094591617584,11,23159,
0.03793226554989815,11,23169,
0.05470925569534302,11,23179,
0.048693519085645676,11,23189,
0.056429583579301834,11,23199,
0.05867138132452965,11,23209,
0.062372077256441116,11,23219,
0.05299125984311104,11,23229,
0.07361689954996109,11,23239,
0.06562373787164688,11,23249,
0.060750771313905716,11,23259,
0.046893417835235596,11,23269,
0.061157241463661194,11,23279,
0.060352325439453125,11,23289,
0.0481867641210556,11,23299,
0.09862308204174042,11,23309,
0.04714338481426239,11,23319,
0.06390319019556046,11,23329,
0.06803417205810547,11,23339,
0.04957623407244682,11,23349,
0.05456909164786339,11,23359,
0.05398441106081009,11,23369,
0.06035567820072174,11,23379,
0.04647398367524147,11,23389,
0.06824760884046555,11,23399,
0.0659552738070488,11,23409,
0.07985027879476547,11,23419,
0.0595964714884758,11,23429,
0.06478287279605865,11,23439,
0.04966847598552704,11,23449,
0.04946550354361534,11,23459,
0.05719716101884842,11,23469,
0.07823196798563004,11,23479,
0.06314775347709656,11,23489,
0.05817883461713791,11,23499,
0.05391152203083038,11,23509,
0.05377329885959625,11,23519,
0.06974704563617706,11,23529,
0.04894392564892769,11,23539,
0.07591316848993301,11,23549,
0.06702112406492233,11,23559,
0.06251911073923111,11,23569,
0.057464879006147385,11,23579,
0.06533128768205643,11,23589,
,11,23591,0.056663334369659424
0.04532390460371971,12,23599,
0.0881577581167221,12,23609,
0.06154269725084305,12,23619,
0.07699736207723618,12,23629,
0.06360505521297455,12,23639,
0.06469613313674927,12,23649,
0.06750059127807617,12,23659,
0.05786299705505371,12,23669,
0.05531637743115425,12,23679,
0.04778648167848587,12,23689,
0.06693272292613983,12,23699,
0.05267723277211189,12,23709,
0.06902648508548737,12,23719,
0.055909741669893265,12,23729,
0.05412262678146362,12,23739,
0.044653892517089844,12,23749,
0.034747157245874405,12,23759,
0.051493193954229355,12,23769,
0.0427691675722599,12,23779,
0.054491542279720306,12,23789,
0.045897841453552246,12,23799,
0.05877358466386795,12,23809,
0.0887582078576088,12,23819,
0.052727628499269485,12,23829,
0.08413621038198471,12,23839,
0.04589082673192024,12,23849,
0.06978441029787064,12,23859,
0.039211757481098175,12,23869,
0.07013186812400818,12,23879,
0.0446137934923172,12,23889,
0.05890181288123131,12,23899,
0.06395747512578964,12,23909,
0.053130026906728745,12,23919,
0.05640404671430588,12,23929,
0.04737457260489464,12,23939,
0.0408443808555603,12,23949,
0.06921974569559097,12,23959,
0.06723349541425705,12,23969,
0.04302031546831131,12,23979,
0.06042713671922684,12,23989,
0.03974703326821327,12,23999,
0.04588031768798828,12,24009,
0.056778889149427414,12,24019,
0.05659162998199463,12,24029,
0.037623558193445206,12,24039,
0.030915532261133194,12,24049,
0.040396593511104584,12,24059,
0.04800007864832878,12,24069,
0.05024895444512367,12,24079,
0.08095083385705948,12,24089,
0.0384896881878376,12,24099,
0.05988629534840584,12,24109,
0.06582900136709213,12,24119,
0.049802202731370926,12,24129,
0.06047587841749191,12,24139,
0.04724680259823799,12,24149,
0.04675779864192009,12,24159,
0.05654328316450119,12,24169,
0.035805005580186844,12,24179,
0.051985085010528564,12,24189,
0.04485882818698883,12,24199,
0.05141677334904671,12,24209,
0.04701036959886551,12,24219,
0.05448370426893234,12,24229,
0.07291528582572937,12,24239,
0.05935368314385414,12,24249,
0.049076147377491,12,24259,
0.05819188430905342,12,24269,
0.0697106122970581,12,24279,
0.06298708915710449,12,24289,
0.05666467919945717,12,24299,
0.046375688165426254,12,24309,
0.041260335594415665,12,24319,
0.05714725703001022,12,24329,
0.05852918699383736,12,24339,
0.0715520903468132,12,24349,
0.039577119052410126,12,24359,
0.04214392974972725,12,24369,
0.0507156141102314,12,24379,
0.037645455449819565,12,24389,
0.046922750771045685,12,24399,
0.07226407527923584,12,24409,
0.07539519667625427,12,24419,
0.07263807952404022,12,24429,
0.047201886773109436,12,24439,
0.06200697645545006,12,24449,
0.02978966012597084,12,24459,
0.051204729825258255,12,24469,
0.04538585990667343,12,24479,
0.04084879159927368,12,24489,
0.05160317197442055,12,24499,
0.053286585956811905,12,24509,
0.08325444161891937,12,24519,
0.05429331585764885,12,24529,
0.05687587335705757,12,24539,
0.06347673386335373,12,24549,
0.07680990546941757,12,24559,
0.0417826808989048,12,24569,
0.0610763244330883,12,24579,
0.06187915802001953,12,24589,
0.06710895150899887,12,24599,
0.04541810229420662,12,24609,
0.04896095395088196,12,24619,
0.04607827216386795,12,24629,
0.09293394535779953,12,24639,
0.05405106022953987,12,24649,
0.06068257614970207,12,24659,
0.06215454638004303,12,24669,
0.06144018843770027,12,24679,
0.030453940853476524,12,24689,
0.04799797013401985,12,24699,
0.04861115664243698,12,24709,
0.061638303101062775,12,24719,
0.038539182394742966,12,24729,
0.05403715372085571,12,24739,
0.04430680349469185,12,24749,
0.059600140899419785,12,24759,
0.0640585795044899,12,24769,
0.050950005650520325,12,24779,
0.07319022715091705,12,24789,
0.05553550273180008,12,24799,
0.07353736460208893,12,24809,
0.05131230130791664,12,24819,
0.04657237231731415,12,24829,
0.07243597507476807,12,24839,
0.04191236570477486,12,24849,
0.0568242147564888,12,24859,
0.059920888394117355,12,24869,
0.03850671276450157,12,24879,
0.06602078676223755,12,24889,
0.0647147074341774,12,24899,
0.07713169604539871,12,24909,
0.04032786563038826,12,24919,
0.063813716173172,12,24929,
0.043992869555950165,12,24939,
0.0658419281244278,12,24949,
0.05323030799627304,12,24959,
0.07815486937761307,12,24969,
0.04638217017054558,12,24979,
0.04979155957698822,12,24989,
0.06075684353709221,12,24999,
0.05179170146584511,12,25009,
0.05234663933515549,12,25019,
0.04527914524078369,12,25029,
0.047604672610759735,12,25039,
0.06738538295030594,12,25049,
0.04390503466129303,12,25059,
0.056903693825006485,12,25069,
0.06393269449472427,12,25079,
0.07190859317779541,12,25089,
0.04216179996728897,12,25099,
0.046562887728214264,12,25109,
0.04729168489575386,12,25119,
0.062122900038957596,12,25129,
0.06997641921043396,12,25139,
0.05830135568976402,12,25149,
0.039702437818050385,12,25159,
0.05038659647107124,12,25169,
0.056968558579683304,12,25179,
0.04080348461866379,12,25189,
0.06728284806013107,12,25199,
0.04178959131240845,12,25209,
0.05334388092160225,12,25219,
0.04143308475613594,12,25229,
0.0445244237780571,12,25239,
0.05383723974227905,12,25249,
0.07503845542669296,12,25259,
0.041815612465143204,12,25269,
0.048921335488557816,12,25279,
0.0542713925242424,12,25289,
0.047675635665655136,12,25299,
0.05093109607696533,12,25309,
0.06511694937944412,12,25319,
0.05377529561519623,12,25329,
0.06781826168298721,12,25339,
0.05449452996253967,12,25349,
0.04336914047598839,12,25359,
0.05856945738196373,12,25369,
0.05001434311270714,12,25379,
0.08714074641466141,12,25389,
0.057849425822496414,12,25399,
0.038081347942352295,12,25409,
0.054319996386766434,12,25419,
0.04829120635986328,12,25429,
0.04463846981525421,12,25439,
0.05654779449105263,12,25449,
0.06653199344873428,12,25459,
0.05441994220018387,12,25469,
0.08470399677753448,12,25479,
0.04705137386918068,12,25489,
0.0682024136185646,12,25499,
0.06302531808614731,12,25509,
0.03561168536543846,12,25519,
0.06794394552707672,12,25529,
0.04405815154314041,12,25539,
0.05936022475361824,12,25549,
,12,25557,0.05544133856892586
0.05644036829471588,13,25559,
0.04853751137852669,13,25569,
0.046378351747989655,13,25579,
0.06068470701575279,13,25589,
0.052627287805080414,13,25599,
0.05057596042752266,13,25609,
0.042374368757009506,13,25619,
0.06437194347381592,13,25629,
0.048855118453502655,13,25639,
0.06614840030670166,13,25649,
0.058124687522649765,13,25659,
0.047518398612737656,13,25669,
0.046129871159791946,13,25679,
0.07653824985027313,13,25689,
0.07023746520280838,13,25699,
0.05890491232275963,13,25709,
0.06569059938192368,13,25719,
0.05229200795292854,13,25729,
0.06037565693259239,13,25739,
0.0509517677128315,13,25749,
0.058679401874542236,13,25759,
0.042828816920518875,13,25769,
0.039764147251844406,13,25779,
0.04778238758444786,13,25789,
0.05165960267186165,13,25799,
0.041567910462617874,13,25809,
0.048223383724689484,13,25819,
0.0533207505941391,13,25829,
0.05429522320628166,13,25839,
0.05572960153222084,13,25849,
0.07173255831003189,13,25859,
0.0758083164691925,13,25869,
0.06601430475711823,13,25879,
0.06134684756398201,13,25889,
0.055893316864967346,13,25899,
0.048079490661621094,13,25909,
0.05770055577158928,13,25919,
0.042842965573072433,13,25929,
0.05324696749448776,13,25939,
0.06352498382329941,13,25949,
0.0416976734995842,13,25959,
0.047140032052993774,13,25969,
0.050728704780340195,13,25979,
0.05496614798903465,13,25989,
0.053612083196640015,13,25999,
0.03559133782982826,13,26009,
0.04122167080640793,13,26019,
0.06380441784858704,13,26029,
0.036452192813158035,13,26039,
0.04666318744421005,13,26049,
0.05448384955525398,13,26059,
0.04469488933682442,13,26069,
0.038893911987543106,13,26079,
0.03907165303826332,13,26089,
0.07717300206422806,13,26099,
0.05211861804127693,13,26109,
0.04753366485238075,13,26119,
0.04575973004102707,13,26129,
0.03900643065571785,13,26139,
0.04357673600316048,13,26149,
0.05546252429485321,13,26159,
0.052274107933044434,13,26169,
0.05299215018749237,13,26179,
0.04590582847595215,13,26189,
0.037995174527168274,13,26199,
0.04871134087443352,13,26209,
0.05137607827782631,13,26219,
0.07270781695842743,13,26229,
0.053997524082660675,13,26239,
0.0670505166053772,13,26249,
0.04143008962273598,13,26259,
0.054727423936128616,13,26269,
0.045217614620923996,13,26279,
0.07252000272274017,13,26289,
0.05709727481007576,13,26299,
0.05453021451830864,13,26309,
0.04574248194694519,13,26319,
0.02797638811171055,13,26329,
0.03540365770459175,13,26339,
0.05675124004483223,13,26349,
0.058155544102191925,13,26359,
0.0566207580268383,13,26369,
0.057411108165979385,13,26379,
0.0723377913236618,13,26389,
0.06163058057427406,13,26399,
0.05594071373343468,13,26409,
0.05105050280690193,13,26419,
0.05603693798184395,13,26429,
0.06019015610218048,13,26439,
0.042205460369586945,13,26449,
0.04991229251027107,13,26459,
0.06539260596036911,13,26469,
0.037942785769701004,13,26479,
0.06167824938893318,13,26489,
0.08167620003223419,13,26499,
0.040976475924253464,13,26509,
0.03482045978307724,13,26519,
0.07973092049360275,13,26529,
0.0606798455119133,13,26539,
0.05305974557995796,13,26549,
0.06748729199171066,13,26559,
0.054618507623672485,13,26569,
0.09001937508583069,13,26579,
0.0680762380361557,13,26589,
0.04010025039315224,13,26599,
0.05340518429875374,13,26609,
0.06907343864440918,13,26619,
0.029799915850162506,13,26629,
0.05214832350611687,13,26639,
0.04254758358001709,13,26649,
0.06304214149713516,13,26659,
0.04513498395681381,13,26669,
0.05080970749258995,13,26679,
0.055570412427186966,13,26689,
0.08046025037765503,13,26699,
0.05764472484588623,13,26709,
0.06571498513221741,13,26719,
0.06262466311454773,13,26729,
0.05120770260691643,13,26739,
0.04786201938986778,13,26749,
0.04107265546917915,13,26759,
0.0478280745446682,13,26769,
0.056192796677351,13,26779,
0.03292383626103401,13,26789,
0.06677673757076263,13,26799,
0.07240278273820877,13,26809,
0.04950374364852905,13,26819,
0.06527760624885559,13,26829,
0.07754234224557877,13,26839,
0.03621296212077141,13,26849,
0.040821466594934464,13,26859,
0.029568666592240334,13,26869,
0.05503608286380768,13,26879,
0.05413282290101051,13,26889,
0.049258410930633545,13,26899,
0.06780796498060226,13,26909,
0.06781637668609619,13,26919,
0.06012440472841263,13,26929,
0.04024932160973549,13,26939,
0.05117030069231987,13,26949,
0.04999138042330742,13,26959,
0.05514814332127571,13,26969,
0.03975175693631172,13,26979,
0.060494303703308105,13,26989,
0.042138949036598206,13,26999,
0.053799912333488464,13,27009,
0.0698133036494255,13,27019,
0.054035261273384094,13,27029,
0.04190843179821968,13,27039,
0.03779812157154083,13,27049,
0.04894252493977547,13,27059,
0.06643380969762802,13,27069,
0.054869864135980606,13,27079,
0.05505109950900078,13,27089,
0.05308216065168381,13,27099,
0.067588210105896,13,27109,
0.05616725981235504,13,27119,
0.04146203026175499,13,27129,
0.04984179511666298,13,27139,
0.049158964306116104,13,27149,
0.09254423528909683,13,27159,
0.04372253641486168,13,27169,
0.05688806250691414,13,27179,
0.04733000323176384,13,27189,
0.04258730635046959,13,27199,
0.05172436311841011,13,27209,
0.05824369192123413,13,27219,
0.05850023776292801,13,27229,
0.06202030926942825,13,27239,
0.0662519708275795,13,27249,
0.05225194990634918,13,27259,
0.038821991533041,13,27269,
0.04774119332432747,13,27279,
0.06305848062038422,13,27289,
0.07142620533704758,13,27299,
0.06376942992210388,13,27309,
0.04997502639889717,13,27319,
0.036339808255434036,13,27329,
0.060170941054821014,13,27339,
0.06937520205974579,13,27349,
0.06352169066667557,13,27359,
0.039089422672986984,13,27369,
0.055229607969522476,13,27379,
0.04757487773895264,13,27389,
0.037182945758104324,13,27399,
0.07680979371070862,13,27409,
0.04822862148284912,13,27419,
0.05343933403491974,13,27429,
0.05399598181247711,13,27439,
0.04567030072212219,13,27449,
0.05166487768292427,13,27459,
0.0552082397043705,13,27469,
0.060634154826402664,13,27479,
0.04120710864663124,13,27489,
0.05958171561360359,13,27499,
0.08632554113864899,13,27509,
0.0401315875351429,13,27519,
,13,27523,0.054866377264261246
0.04323040321469307,14,27529,
0.060772351920604706,14,27539,
0.06314585357904434,14,27549,
0.03818049281835556,14,27559,
0.04334031045436859,14,27569,
0.03327994793653488,14,27579,
0.04323521628975868,14,27589,
0.05979081615805626,14,27599,
0.058343544602394104,14,27609,
0.05308818444609642,14,27619,
0.06937143951654434,14,27629,
0.04658874124288559,14,27639,
0.0502118356525898,14,27649,
0.05569636821746826,14,27659,
0.03571520373225212,14,27669,
0.051005907356739044,14,27679,
0.05997125431895256,14,27689,
0.054366759955883026,14,27699,
0.04173459857702255,14,27709,
0.05621366575360298,14,27719,
0.06110884249210358,14,27729,
0.0556924007833004,14,27739,
0.04568640887737274,14,27749,
0.054906342178583145,14,27759,
0.04771043732762337,14,27769,
0.049944184720516205,14,27779,
0.04850398749113083,14,27789,
0.05988885834813118,14,27799,
0.05900879576802254,14,27809,
0.0547824427485466,14,27819,
0.047261521220207214,14,27829,
0.05941755324602127,14,27839,
0.04133443906903267,14,27849,
0.047728344798088074,14,27859,
0.036311883479356766,14,27869,
0.07161972671747208,14,27879,
0.05212823301553726,14,27889,
0.04884565249085426,14,27899,
0.0684988871216774,14,27909,
0.05820462480187416,14,27919,
0.03725246340036392,14,27929,
0.05422964319586754,14,27939,
0.06663205474615097,14,27949,
0.050025343894958496,14,27959,
0.0714496523141861,14,27969,
0.06023048236966133,14,27979,
0.057532865554094315,14,27989,
0.10038859397172928,14,27999,
0.07984977960586548,14,28009,
0.08656331896781921,14,28019,
0.04669973626732826,14,28029,
0.049918729811906815,14,28039,
0.07329683750867844,14,28049,
0.0509655624628067,14,28059,
0.04716871306300163,14,28069,
0.05657649785280228,14,28079,
0.05177757516503334,14,28089,
0.09984327852725983,14,28099,
0.055779244750738144,14,28109,
0.05776023864746094,14,28119,
0.057908330112695694,14,28129,
0.07294631004333496,14,28139,
0.04496213421225548,14,28149,
0.03646990284323692,14,28159,
0.06831184774637222,14,28169,
0.05779518187046051,14,28179,
0.051588647067546844,14,28189,
0.06216989830136299,14,28199,
0.06572943180799484,14,28209,
0.06352430582046509,14,28219,
0.052449218928813934,14,28229,
0.0608256533741951,14,28239,
0.04383169859647751,14,28249,
0.05736687406897545,14,28259,
0.05754001811146736,14,28269,
0.04894452542066574,14,28279,
0.05181653052568436,14,28289,
0.048954401165246964,14,28299,
0.06382162123918533,14,28309,
0.046052031219005585,14,28319,
0.059328991919755936,14,28329,
0.058442533016204834,14,28339,
0.05309322103857994,14,28349,
0.05852671340107918,14,28359,
0.0568619966506958,14,28369,
0.045264359563589096,14,28379,
0.053054336458444595,14,28389,
0.04372452571988106,14,28399,
0.04192579165101051,14,28409,
0.053946103900671005,14,28419,
0.049592070281505585,14,28429,
0.05040096491575241,14,28439,
0.07115617394447327,14,28449,
0.046529922634363174,14,28459,
0.050063490867614746,14,28469,
0.04529775679111481,14,28479,
0.05393175035715103,14,28489,
0.04475615918636322,14,28499,
0.04254525154829025,14,28509,
0.043231043964624405,14,28519,
0.043462373316287994,14,28529,
0.05732450261712074,14,28539,
0.04670524597167969,14,28549,
0.05745754763484001,14,28559,
0.08784794062376022,14,28569,
0.05917509272694588,14,28579,
0.04644888639450073,14,28589,
0.048627857118844986,14,28599,
0.04980671778321266,14,28609,
0.03945065289735794,14,28619,
0.049860477447509766,14,28629,
0.04153543338179588,14,28639,
0.05121728032827377,14,28649,
0.06845495849847794,14,28659,
0.06234240531921387,14,28669,
0.07072781026363373,14,28679,
0.0540677048265934,14,28689,
0.06983944773674011,14,28699,
0.043972525745630264,14,28709,
0.05072122439742088,14,28719,
0.04902104288339615,14,28729,
0.05207272246479988,14,28739,
0.04774361103773117,14,28749,
0.04415263235569,14,28759,
0.06856844574213028,14,28769,
0.06635534763336182,14,28779,
0.05690192058682442,14,28789,
0.06069340929389,14,28799,
0.05588829517364502,14,28809,
0.03385419398546219,14,28819,
0.048240263015031815,14,28829,
0.05891812592744827,14,28839,
0.05280951410531998,14,28849,
0.06341315805912018,14,28859,
0.0718214139342308,14,28869,
0.03406642749905586,14,28879,
0.04243961721658707,14,28889,
0.043228667229413986,14,28899,
0.05982574447989464,14,28909,
0.0498298741877079,14,28919,
0.045293886214494705,14,28929,
0.0651605874300003,14,28939,
0.05106634646654129,14,28949,
0.045660894364118576,14,28959,
0.06136861816048622,14,28969,
0.04273030906915665,14,28979,
0.046927399933338165,14,28989,
0.04572894051671028,14,28999,
0.04484366253018379,14,29009,
0.0471915528178215,14,29019,
0.054470811039209366,14,29029,
0.04676881805062294,14,29039,
0.070473812520504,14,29049,
0.05551781505346298,14,29059,
0.05359770357608795,14,29069,
0.0436311736702919,14,29079,
0.04679442197084427,14,29089,
0.042934246361255646,14,29099,
0.05027289688587189,14,29109,
0.04869519919157028,14,29119,
0.038661692291498184,14,29129,
0.04676803573966026,14,29139,
0.05121578276157379,14,29149,
0.06476708501577377,14,29159,
0.05718088150024414,14,29169,
0.04643635079264641,14,29179,
0.052190959453582764,14,29189,
0.09100363403558731,14,29199,
0.053093332797288895,14,29209,
0.06533266603946686,14,29219,
0.04842915013432503,14,29229,
0.048083528876304626,14,29239,
0.06062671169638634,14,29249,
0.06187065318226814,14,29259,
0.03661929816007614,14,29269,
0.04572249948978424,14,29279,
0.05649780482053757,14,29289,
0.058786775916814804,14,29299,
0.05477546527981758,14,29309,
0.0813232883810997,14,29319,
0.05926907807588577,14,29329,
0.057026419788599014,14,29339,
0.04320888966321945,14,29349,
0.05417139083147049,14,29359,
0.06725571304559708,14,29369,
0.047000784426927567,14,29379,
0.04960327222943306,14,29389,
0.06960997730493546,14,29399,
0.043051932007074356,14,29409,
0.06361766159534454,14,29419,
0.0685982033610344,14,29429,
0.06132844462990761,14,29439,
0.04644318297505379,14,29449,
0.0717882588505745,14,29459,
0.07810492068529129,14,29469,
0.053503941744565964,14,29479,
0.08018631488084793,14,29489,
,14,29489,0.05420869216322899
0.04780180752277374,15,29499,
0.050669629126787186,15,29509,
0.0674690380692482,15,29519,
0.06370095163583755,15,29529,
0.05012304335832596,15,29539,
0.08000645786523819,15,29549,
0.07233352214097977,15,29559,
0.04919261112809181,15,29569,
0.040212441235780716,15,29579,
0.03542289510369301,15,29589,
0.057755835354328156,15,29599,
0.038935381919145584,15,29609,
0.064275361597538,15,29619,
0.06054319441318512,15,29629,
0.05625245347619057,15,29639,
0.030263317748904228,15,29649,
0.04499294236302376,15,29659,
0.05073641985654831,15,29669,
0.054988469928503036,15,29679,
0.03698967024683952,15,29689,
0.042246777564287186,15,29699,
0.08900830894708633,15,29709,
0.04543845355510712,15,29719,
0.06179698184132576,15,29729,
0.06615868955850601,15,29739,
0.05027987062931061,15,29749,
0.05369985103607178,15,29759,
0.07224071770906448,15,29769,
0.04415789246559143,15,29779,
0.06203720346093178,15,29789,
0.06425780802965164,15,29799,
0.04983590543270111,15,29809,
0.07715762406587601,15,29819,
0.04321718215942383,15,29829,
0.04957365244626999,15,29839,
0.0620928592979908,15,29849,
0.06114896014332771,15,29859,
0.051158156245946884,15,29869,
0.10712425410747528,15,29879,
0.08837780356407166,15,29889,
0.06117769703269005,15,29899,
0.03519834205508232,15,29909,
0.06312201917171478,15,29919,
0.06773421913385391,15,29929,
0.040641043335199356,15,29939,
0.0366014763712883,15,29949,
0.05680720880627632,15,29959,
0.056923676282167435,15,29969,
0.03798987343907356,15,29979,
0.042120590806007385,15,29989,
0.06237863376736641,15,29999,
0.052861474454402924,15,30009,
0.04221310466527939,15,30019,
0.0435609295964241,15,30029,
0.048761799931526184,15,30039,
0.06089235097169876,15,30049,
0.06879986822605133,15,30059,
0.06998259574174881,15,30069,
0.06595461815595627,15,30079,
0.06392809003591537,15,30089,
0.023502474650740623,15,30099,
0.05212148651480675,15,30109,
0.05036703869700432,15,30119,
0.03880377486348152,15,30129,
0.048602331429719925,15,30139,
0.043377835303545,15,30149,
0.06217075139284134,15,30159,
0.06645189225673676,15,30169,
0.0431189201772213,15,30179,
0.06812448054552078,15,30189,
0.07003764808177948,15,30199,
0.04054715856909752,15,30209,
0.04005948826670647,15,30219,
0.058917392045259476,15,30229,
0.037501342594623566,15,30239,
0.05284805968403816,15,30249,
0.07307837158441544,15,30259,
0.06311716139316559,15,30269,
0.05560389533638954,15,30279,
0.06561920791864395,15,30289,
0.05177413299679756,15,30299,
0.04865754768252373,15,30309,
0.0650586187839508,15,30319,
0.10090465098619461,15,30329,
0.06360071897506714,15,30339,
0.041286665946245193,15,30349,
0.05852575972676277,15,30359,
0.043920524418354034,15,30369,
0.039406392723321915,15,30379,
0.07198606431484222,15,30389,
0.052580781280994415,15,30399,
0.04951958730816841,15,30409,
0.04139645770192146,15,30419,
0.04679437354207039,15,30429,
0.04821713641285896,15,30439,
0.04164038971066475,15,30449,
0.054819244891405106,15,30459,
0.042882051318883896,15,30469,
0.05288945883512497,15,30479,
0.05996590852737427,15,30489,
0.048456236720085144,15,30499,
0.03878726437687874,15,30509,
0.06418702751398087,15,30519,
0.05271587893366814,15,30529,
0.05903523042798042,15,30539,
0.062265489250421524,15,30549,
0.05302451178431511,15,30559,
0.05108978599309921,15,30569,
0.04961375519633293,15,30579,
0.055627088993787766,15,30589,
0.054068464785814285,15,30599,
0.052080780267715454,15,30609,
0.057775404304265976,15,30619,
0.04369993507862091,15,30629,
0.04782303795218468,15,30639,
0.049764372408390045,15,30649,
0.04304199293255806,15,30659,
0.0534202940762043,15,30669,
0.04919544979929924,15,30679,
0.07087855041027069,15,30689,
0.06923287361860275,15,30699,
0.05121075361967087,15,30709,
0.05100208893418312,15,30719,
0.07982923090457916,15,30729,
0.04494749754667282,15,30739,
0.048931289464235306,15,30749,
0.07787905633449554,15,30759,
0.07058171182870865,15,30769,
0.04032833129167557,15,30779,
0.0539109893143177,15,30789,
0.040284164249897,15,30799,
0.04563364014029503,15,30809,
0.04638577625155449,15,30819,
0.04857545718550682,15,30829,
0.06252225488424301,15,30839,
0.05150387063622475,15,30849,
0.05625218152999878,15,30859,
0.05920109525322914,15,30869,
0.047926757484674454,15,30879,
0.04615740105509758,15,30889,
0.0693124309182167,15,30899,
0.06595007330179214,15,30909,
0.07372738420963287,15,30919,
0.07368633896112442,15,30929,
0.06281976401805878,15,30939,
0.05036822706460953,15,30949,
0.06850598752498627,15,30959,
0.04400530084967613,15,30969,
0.04485099017620087,15,30979,
0.05740560591220856,15,30989,
0.06645915657281876,15,30999,
0.03597300499677658,15,31009,
0.0547342523932457,15,31019,
0.0437358096241951,15,31029,
0.05987673997879028,15,31039,
0.060572683811187744,15,31049,
0.05792279541492462,15,31059,
0.07538601011037827,15,31069,
0.037143439054489136,15,31079,
0.06540219485759735,15,31089,
0.05338016524910927,15,31099,
0.058983590453863144,15,31109,
0.056516434997320175,15,31119,
0.043240539729595184,15,31129,
0.0377497561275959,15,31139,
0.06206922605633736,15,31149,
0.06143126264214516,15,31159,
0.04894651845097542,15,31169,
0.059023115783929825,15,31179,
0.059669289737939835,15,31189,
0.05777110531926155,15,31199,
0.05399801954627037,15,31209,
0.05471736192703247,15,31219,
0.038167066872119904,15,31229,
0.05695786699652672,15,31239,
0.043916523456573486,15,31249,
0.04754311591386795,15,31259,
0.06086494028568268,15,31269,
0.07877285778522491,15,31279,
0.054877471178770065,15,31289,
0.04674278199672699,15,31299,
0.04140067100524902,15,31309,
0.05840728059411049,15,31319,
0.04067559912800789,15,31329,
0.05554882064461708,15,31339,
0.07168428599834442,15,31349,
0.06812575459480286,15,31359,
0.07887014001607895,15,31369,
0.04052954539656639,15,31379,
0.054648060351610184,15,31389,
0.0511137917637825,15,31399,
0.06852075457572937,15,31409,
0.054059017449617386,15,31419,
0.05118032172322273,15,31429,
0.06101604178547859,15,31439,
0.04295971989631653,15,31449,
,15,31455,0.05396852642297745
0.05668485164642334,16,31459,
0.052275706082582474,16,31469,
0.0660034716129303,16,31479,
0.06677252054214478,16,31489,
0.04478148743510246,16,31499,
0.032586824148893356,16,31509,
0.05396575108170509,16,31519,
0.05093555152416229,16,31529,
0.05524516478180885,16,31539,
0.06415150314569473,16,31549,
0.048534948378801346,16,31559,
0.05530055984854698,16,31569,
0.05430794507265091,16,31579,
0.04172031208872795,16,31589,
0.03377653658390045,16,31599,
0.09036532044410706,16,31609,
0.06117525324225426,16,31619,
0.05749141052365303,16,31629,
0.0614711195230484,16,31639,
0.053001854568719864,16,31649,
0.04962608590722084,16,31659,
0.05683808773756027,16,31669,
0.06792955845594406,16,31679,
0.04104598984122276,16,31689,
0.07698027789592743,16,31699,
0.06840158998966217,16,31709,
0.044642869383096695,16,31719,
0.045188602060079575,16,31729,
0.09466055035591125,16,31739,
0.06593681871891022,16,31749,
0.03901006281375885,16,31759,
0.0596030168235302,16,31769,
0.06886342912912369,16,31779,
0.04124432057142258,16,31789,
0.059646494686603546,16,31799,
0.050449032336473465,16,31809,
0.05830584838986397,16,31819,
0.08071364462375641,16,31829,
0.05488874018192291,16,31839,
0.06131311133503914,16,31849,
0.052085138857364655,16,31859,
0.03829016536474228,16,31869,
0.03731413558125496,16,31879,
0.04834228754043579,16,31889,
0.06425151973962784,16,31899,
0.05807746946811676,16,31909,
0.05420486256480217,16,31919,
0.06051679328083992,16,31929,
0.05678633973002434,16,31939,
0.06352759152650833,16,31949,
0.05184582993388176,16,31959,
0.06188327819108963,16,31969,
0.05346299707889557,16,31979,
0.05204223468899727,16,31989,
0.07257363200187683,16,31999,
0.06830532103776932,16,32009,
0.0525079146027565,16,32019,
0.03845152258872986,16,32029,
0.05378539115190506,16,32039,
0.07114887237548828,16,32049,
0.0453014113008976,16,32059,
0.03127878159284592,16,32069,
0.0658232644200325,16,32079,
0.05944307520985603,16,32089,
0.048928167670965195,16,32099,
0.05419718474149704,16,32109,
0.059397391974925995,16,32119,
0.04380067437887192,16,32129,
0.06456854194402695,16,32139,
0.04734473675489426,16,32149,
0.050078798085451126,16,32159,
0.050154317170381546,16,32169,
0.06090245023369789,16,32179,
0.062219731509685516,16,32189,
0.049780119210481644,16,32199,
0.05172796547412872,16,32209,
0.052596841007471085,16,32219,
0.047786012291908264,16,32229,
0.051940370351076126,16,32239,
0.04867576062679291,16,32249,
0.07934127748012543,16,32259,
0.054262902587652206,16,32269,
0.054940931499004364,16,32279,
0.04446368291974068,16,32289,
0.057076241821050644,16,32299,
0.037494197487831116,16,32309,
0.04724292829632759,16,32319,
0.056388456374406815,16,32329,
0.05633430555462837,16,32339,
0.06238904222846031,16,32349,
0.053928252309560776,16,32359,
0.036364421248435974,16,32369,
0.04614483565092087,16,32379,
0.04167282581329346,16,32389,
0.04653503745794296,16,32399,
0.04382491111755371,16,32409,
0.041049037128686905,16,32419,
0.04169579967856407,16,32429,
0.056398261338472366,16,32439,
0.059204474091529846,16,32449,
0.06526423990726471,16,32459,
0.05538945645093918,16,32469,
0.05099394544959068,16,32479,
0.0514928363263607,16,32489,
0.04718396067619324,16,32499,
0.057620592415332794,16,32509,
0.03832550719380379,16,32519,
0.06911364197731018,16,32529,
0.04930304363369942,16,32539,
0.044464174658060074,16,32549,
0.06372351199388504,16,32559,
0.05875818058848381,16,32569,
0.0669354721903801,16,32579,
0.05269807577133179,16,32589,
0.04795354977250099,16,32599,
0.034301917999982834,16,32609,
0.06068332865834236,16,32619,
0.05132638290524483,16,32629,
0.050390977412462234,16,32639,
0.0640501081943512,16,32649,
0.05708968639373779,16,32659,
0.06797027587890625,16,32669,
0.04861166700720787,16,32679,
0.055092208087444305,16,32689,
0.06219172477722168,16,32699,
0.05300641059875488,16,32709,
0.05678398162126541,16,32719,
0.06073072925209999,16,32729,
0.059750813990831375,16,32739,
0.06683658063411713,16,32749,
0.05517541617155075,16,32759,
0.045664940029382706,16,32769,
0.06421714276075363,16,32779,
0.04066219925880432,16,32789,
0.08318004757165909,16,32799,
0.060932889580726624,16,32809,
0.05420171469449997,16,32819,
0.07327292114496231,16,32829,
0.03675966337323189,16,32839,
0.06146760657429695,16,32849,
0.06572262942790985,16,32859,
0.041853904724121094,16,32869,
0.08626756072044373,16,32879,
0.05911727622151375,16,32889,
0.046980179846286774,16,32899,
0.0643487423658371,16,32909,
0.058585114777088165,16,32919,
0.09307768195867538,16,32929,
0.04617880657315254,16,32939,
0.04667399823665619,16,32949,
0.032893382012844086,16,32959,
0.06619714945554733,16,32969,
0.03962711617350578,16,32979,
0.032879605889320374,16,32989,
0.047079313546419144,16,32999,
0.05425771698355675,16,33009,
0.07179401814937592,16,33019,
0.05396147444844246,16,33029,
0.038658060133457184,16,33039,
0.0400480180978775,16,33049,
0.041553836315870285,16,33059,
0.05925818160176277,16,33069,
0.03742939233779907,16,33079,
0.0433342307806015,16,33089,
0.05413304641842842,16,33099,
0.0844879001379013,16,33109,
0.05664689093828201,16,33119,
0.05183564871549606,16,33129,
0.03933728486299515,16,33139,
0.046533942222595215,16,33149,
0.05461085960268974,16,33159,
0.04401567950844765,16,33169,
0.05903257802128792,16,33179,
0.03718366101384163,16,33189,
0.05951135605573654,16,33199,
0.057163629680871964,16,33209,
0.052372414618730545,16,33219,
0.06514976918697357,16,33229,
0.03733453527092934,16,33239,
0.04756738618016243,16,33249,
0.05886334925889969,16,33259,
0.06179022789001465,16,33269,
0.04414765164256096,16,33279,
0.057821646332740784,16,33289,
0.046728361397981644,16,33299,
0.04157285764813423,16,33309,
0.0679212138056755,16,33319,
0.06360957771539688,16,33329,
0.06084814295172691,16,33339,
0.04317447915673256,16,33349,
0.045760758221149445,16,33359,
0.06735924631357193,16,33369,
0.053206246346235275,16,33379,
0.04518785700201988,16,33389,
0.047787826508283615,16,33399,
0.05519751459360123,16,33409,
0.06453252583742142,16,33419,
,16,33421,0.052821431308984756
0.05087517574429512,17,33429,
0.03593523055315018,17,33439,
0.04148269444704056,17,33449,
0.0981396958231926,17,33459,
0.04047759249806404,17,33469,
0.05246638134121895,17,33479,
0.06291626393795013,17,33489,
0.04474636912345886,17,33499,
0.04399628937244415,17,33509,
0.06714676320552826,17,33519,
0.06360277533531189,17,33529,
0.05502854660153389,17,33539,
0.044134050607681274,17,33549,
0.03754226863384247,17,33559,
0.036036405712366104,17,33569,
0.038000013679265976,17,33579,
0.06595057249069214,17,33589,
0.05523388087749481,17,33599,
0.06908835470676422,17,33609,
0.043261755257844925,17,33619,
0.040779437869787216,17,33629,
0.04672824218869209,17,33639,
0.05466516688466072,17,33649,
0.046637024730443954,17,33659,
0.039641279727220535,17,33669,
0.041192229837179184,17,33679,
0.06556080281734467,17,33689,
0.04307050257921219,17,33699,
0.05003147944808006,17,33709,
0.06292029470205307,17,33719,
0.05563768371939659,17,33729,
0.0373050756752491,17,33739,
0.05031486228108406,17,33749,
0.04038890823721886,17,33759,
0.03910978138446808,17,33769,
0.06535400450229645,17,33779,
0.06714657694101334,17,33789,
0.0558643601834774,17,33799,
0.0498826690018177,17,33809,
0.033218927681446075,17,33819,
0.053995389491319656,17,33829,
0.04584583267569542,17,33839,
0.03556038811802864,17,33849,
0.06031987443566322,17,33859,
0.033006131649017334,17,33869,
0.05449710041284561,17,33879,
0.05223950371146202,17,33889,
0.06294438987970352,17,33899,
0.04845266416668892,17,33909,
0.053166285157203674,17,33919,
0.046218909323215485,17,33929,
0.07528780400753021,17,33939,
0.05054961517453194,17,33949,
0.04109249636530876,17,33959,
0.055398959666490555,17,33969,
0.06080789119005203,17,33979,
0.052594006061553955,17,33989,
0.05159386992454529,17,33999,
0.07153745740652084,17,34009,
0.03679816797375679,17,34019,
0.06427894532680511,17,34029,
0.06304647773504257,17,34039,
0.04354730620980263,17,34049,
0.07747723162174225,17,34059,
0.0624825693666935,17,34069,
0.025531023740768433,17,34079,
0.05301390960812569,17,34089,
0.04579593241214752,17,34099,
0.023350629955530167,17,34109,
0.047130633145570755,17,34119,
0.07456952333450317,17,34129,
0.05033520981669426,17,34139,
0.03507145121693611,17,34149,
0.05357079952955246,17,34159,
0.056997399777173996,17,34169,
0.045464321970939636,17,34179,
0.050024840980768204,17,34189,
0.05458508059382439,17,34199,
0.04274635389447212,17,34209,
0.03732401132583618,17,34219,
0.05253451690077782,17,34229,
0.04769555479288101,17,34239,
0.05834878236055374,17,34249,
0.05549950897693634,17,34259,
0.04866541177034378,17,34269,
0.04965202882885933,17,34279,
0.08527171611785889,17,34289,
0.05391693115234375,17,34299,
0.054694127291440964,17,34309,
0.03943454101681709,17,34319,
0.060340821743011475,17,34329,
0.06251466274261475,17,34339,
0.06212891638278961,17,34349,
0.04826383665204048,17,34359,
0.04900452122092247,17,34369,
0.041716668754816055,17,34379,
0.045726850628852844,17,34389,
0.0466427281498909,17,34399,
0.07601884007453918,17,34409,
0.03716682642698288,17,34419,
0.057641394436359406,17,34429,
0.06072595342993736,17,34439,
0.04968656599521637,17,34449,
0.04679303616285324,17,34459,
0.04454038664698601,17,34469,
0.047998517751693726,17,34479,
0.06673752516508102,17,34489,
0.05631430447101593,17,34499,
0.0434010811150074,17,34509,
0.0548507384955883,17,34519,
0.0443275049328804,17,34529,
0.04412595182657242,17,34539,
0.036424100399017334,17,34549,
0.04043465107679367,17,34559,
0.06029980257153511,17,34569,
0.07386646419763565,17,34579,
0.052698470652103424,17,34589,
0.03580925986170769,17,34599,
0.06029251590371132,17,34609,
0.04025214537978172,17,34619,
0.0362226776778698,17,34629,
0.04950220137834549,17,34639,
0.045575764030218124,17,34649,
0.06663522124290466,17,34659,
0.035928912460803986,17,34669,
0.04709749296307564,17,34679,
0.03327810391783714,17,34689,
0.03474068641662598,17,34699,
0.04483582451939583,17,34709,
0.05768394470214844,17,34719,
0.052977997809648514,17,34729,
0.03723294660449028,17,34739,
0.05125676095485687,17,34749,
0.05062386766076088,17,34759,
0.044415224343538284,17,34769,
0.03756779432296753,17,34779,
0.052508242428302765,17,34789,
0.044762685894966125,17,34799,
0.08403036743402481,17,34809,
0.053655557334423065,17,34819,
0.06899983435869217,17,34829,
0.04600723087787628,17,34839,
0.05220920220017433,17,34849,
0.0586516410112381,17,34859,
0.044803179800510406,17,34869,
0.0521734282374382,17,34879,
0.03980640694499016,17,34889,
0.02668834663927555,17,34899,
0.05916460230946541,17,34909,
0.0389358289539814,17,34919,
0.06319740414619446,17,34929,
0.06582580506801605,17,34939,
0.05480033531785011,17,34949,
0.04568270221352577,17,34959,
0.0352904237806797,17,34969,
0.0644998550415039,17,34979,
0.06614506244659424,17,34989,
0.03718874976038933,17,34999,
0.037812747061252594,17,35009,
0.0543169267475605,17,35019,
0.04433878883719444,17,35029,
0.04181785136461258,17,35039,
0.05296363681554794,17,35049,
0.04059658572077751,17,35059,
0.04278743267059326,17,35069,
0.04898162931203842,17,35079,
0.05890156328678131,17,35089,
0.05981934070587158,17,35099,
0.06704536080360413,17,35109,
0.04336882755160332,17,35119,
0.052129946649074554,17,35129,
0.05903708189725876,17,35139,
0.06499462574720383,17,35149,
0.040318019688129425,17,35159,
0.06055640056729317,17,35169,
0.06355702877044678,17,35179,
0.05164866894483566,17,35189,
0.05409105494618416,17,35199,
0.05242292210459709,17,35209,
0.05365166813135147,17,35219,
0.050899799913167953,17,35229,
0.062252070754766464,17,35239,
0.08889050036668777,17,35249,
0.047048818320035934,17,35259,
0.056495215743780136,17,35269,
0.06622840464115143,17,35279,
0.031117333099246025,17,35289,
0.04168716445565224,17,35299,
0.06182530149817467,17,35309,
0.058181777596473694,17,35319,
0.05804145336151123,17,35329,
0.038716692477464676,17,35339,
0.05268324166536331,17,35349,
0.039660561829805374,17,35359,
0.04725632071495056,17,35369,
0.04709656909108162,17,35379,
,17,35387,0.05235113576054573
0.03984234854578972,18,35389,
0.04541942849755287,18,35399,
0.06202869489789009,18,35409,
0.06897661834955215,18,35419,
0.053365983068943024,18,35429,
0.09106337279081345,18,35439,
0.054659586399793625,18,35449,
0.05133635178208351,18,35459,
0.053631491959095,18,35469,
0.05487630516290665,18,35479,
0.08906465023756027,18,35489,
0.060878582298755646,18,35499,
0.06136033311486244,18,35509,
0.06743491441011429,18,35519,
0.04609823226928711,18,35529,
0.06204330921173096,18,35539,
0.07256834208965302,18,35549,
0.06716529279947281,18,35559,
0.05566149950027466,18,35569,
0.05876743793487549,18,35579,
0.030194435268640518,18,35589,
0.041144926100969315,18,35599,
0.07973900437355042,18,35609,
0.04137714207172394,18,35619,
0.05295874923467636,18,35629,
0.03677529841661453,18,35639,
0.04614218696951866,18,35649,
0.05838692933320999,18,35659,
0.045247845351696014,18,35669,
0.0377228669822216,18,35679,
0.05234755948185921,18,35689,
0.05073704198002815,18,35699,
0.0378897450864315,18,35709,
0.0484515018761158,18,35719,
0.05921294912695885,18,35729,
0.055956557393074036,18,35739,
0.05797133222222328,18,35749,
0.058680832386016846,18,35759,
0.05598625913262367,18,35769,
0.05400950461626053,18,35779,
0.042488086968660355,18,35789,
0.056480009108781815,18,35799,
0.04032527655363083,18,35809,
0.0806383565068245,18,35819,
0.04691459238529205,18,35829,
0.0464465469121933,18,35839,
0.0476602204144001,18,35849,
0.0384490005671978,18,35859,
0.05222425237298012,18,35869,
0.038918636739254,18,35879,
0.0740092322230339,18,35889,
0.05124053359031677,18,35899,
0.040822114795446396,18,35909,
0.03811173886060715,18,35919,
0.04363328963518143,18,35929,
0.04612008109688759,18,35939,
0.046312034130096436,18,35949,
0.049015775322914124,18,35959,
0.048273976892232895,18,35969,
0.04805609956383705,18,35979,
0.06786125898361206,18,35989,
0.03034009225666523,18,35999,
0.06549527496099472,18,36009,
0.05791889876127243,18,36019,
0.04208143800497055,18,36029,
0.04369169846177101,18,36039,
0.047865428030490875,18,36049,
0.04934332147240639,18,36059,
0.059411365538835526,18,36069,
0.062395885586738586,18,36079,
0.05821864679455757,18,36089,
0.04218541458249092,18,36099,
0.06414330005645752,18,36109,
0.06606673449277878,18,36119,
0.0478002168238163,18,36129,
0.05818074196577072,18,36139,
0.05040796846151352,18,36149,
0.04563555493950844,18,36159,
0.0467538982629776,18,36169,
0.05703576281666756,18,36179,
0.06652712821960449,18,36189,
0.08485201746225357,18,36199,
0.04367732256650925,18,36209,
0.045427918434143066,18,36219,
0.05252281576395035,18,36229,
0.041730642318725586,18,36239,
0.04971276596188545,18,36249,
0.035415299236774445,18,36259,
0.05136103555560112,18,36269,
0.04206349328160286,18,36279,
0.04845365509390831,18,36289,
0.0593605637550354,18,36299,
0.053256988525390625,18,36309,
0.05869126319885254,18,36319,
0.06634459644556046,18,36329,
0.05373355746269226,18,36339,
0.05259018391370773,18,36349,
0.05918554589152336,18,36359,
0.045015912503004074,18,36369,
0.05251197889447212,18,36379,
0.0679735317826271,18,36389,
0.04451512545347214,18,36399,
0.0616508312523365,18,36409,
0.04253778234124184,18,36419,
0.06228923797607422,18,36429,
0.05275944992899895,18,36439,
0.0450211837887764,18,36449,
0.051793284714221954,18,36459,
0.051364582031965256,18,36469,
0.04872832074761391,18,36479,
0.05641632527112961,18,36489,
0.03710751608014107,18,36499,
0.03413727134466171,18,36509,
0.048729605972766876,18,36519,
0.04708757996559143,18,36529,
0.032093435525894165,18,36539,
0.04492698609828949,18,36549,
0.05290107801556587,18,36559,
0.05363720655441284,18,36569,
0.04273560270667076,18,36579,
0.0457124225795269,18,36589,
0.04506121948361397,18,36599,
0.04608498886227608,18,36609,
0.07133158296346664,18,36619,
0.06447654217481613,18,36629,
0.04401673749089241,18,36639,
0.06507819890975952,18,36649,
0.04897820204496384,18,36659,
0.04803058132529259,18,36669,
0.08010321110486984,18,36679,
0.039322469383478165,18,36689,
0.04181494936347008,18,36699,
0.043013472110033035,18,36709,
0.031093528494238853,18,36719,
0.03966417536139488,18,36729,
0.05881140008568764,18,36739,
0.05854353681206703,18,36749,
0.05246047303080559,18,36759,
0.04230765625834465,18,36769,
0.043847426772117615,18,36779,
0.053339142352342606,18,36789,
0.042889304459095,18,36799,
0.03127617761492729,18,36809,
0.04112955555319786,18,36819,
0.05058940127491951,18,36829,
0.04290834441781044,18,36839,
0.04536053165793419,18,36849,
0.041190724819898605,18,36859,
0.06603620946407318,18,36869,
0.051528483629226685,18,36879,
0.0393998958170414,18,36889,
0.06461677700281143,18,36899,
0.05544564127922058,18,36909,
0.0585746094584465,18,36919,
0.05017682537436485,18,36929,
0.031122799962759018,18,36939,
0.038753025233745575,18,36949,
0.05275391787290573,18,36959,
0.07882698625326157,18,36969,
0.04722977057099342,18,36979,
0.04715820029377937,18,36989,
0.049686092883348465,18,36999,
0.04940309748053551,18,37009,
0.03190726786851883,18,37019,
0.03801601752638817,18,37029,
0.04278324916958809,18,37039,
0.043091464787721634,18,37049,
0.05626769736409187,18,37059,
0.05659279599785805,18,37069,
0.047197870910167694,18,37079,
0.05700869858264923,18,37089,
0.055935461074113846,18,37099,
0.04611622169613838,18,37109,
0.03609515726566315,18,37119,
0.04974788427352905,18,37129,
0.04507630690932274,18,37139,
0.06719524413347244,18,37149,
0.04454443231225014,18,37159,
0.06696343421936035,18,37169,
0.03209115192294121,18,37179,
0.07004205137491226,18,37189,
0.07458574324846268,18,37199,
0.05484272539615631,18,37209,
0.048000846058130264,18,37219,
0.051797304302453995,18,37229,
0.042179714888334274,18,37239,
0.05101613327860832,18,37249,
0.04839801788330078,18,37259,
0.051528237760066986,18,37269,
0.04831431061029434,18,37279,
0.03423221409320831,18,37289,
0.03557639196515083,18,37299,
0.053274448961019516,18,37309,
0.07984621077775955,18,37319,
0.0511292889714241,18,37329,
0.03490616753697395,18,37339,
0.029280291870236397,18,37349,
,18,37353,0.05243995040655136
0.05729708448052406,19,37359,
0.07645715028047562,19,37369,
0.05934833362698555,19,37379,
0.0636589452624321,19,37389,
0.06888148933649063,19,37399,
0.06699439883232117,19,37409,
0.04987341910600662,19,37419,
0.0413321927189827,19,37429,
0.03485940024256706,19,37439,
0.05491477996110916,19,37449,
0.04529258981347084,19,37459,
0.04263630136847496,19,37469,
0.06574815511703491,19,37479,
0.0461205318570137,19,37489,
0.049863699823617935,19,37499,
0.05093870684504509,19,37509,
0.07283379882574081,19,37519,
0.04277839884161949,19,37529,
0.03898298740386963,19,37539,
0.0701068565249443,19,37549,
0.05075407773256302,19,37559,
0.030972564592957497,19,37569,
0.03733605146408081,19,37579,
0.04428335651755333,19,37589,
0.06175221875309944,19,37599,
0.04183483123779297,19,37609,
0.03745909035205841,19,37619,
0.05850781872868538,19,37629,
0.07623624801635742,19,37639,
0.06060609593987465,19,37649,
0.05087851732969284,19,37659,
0.03742967173457146,19,37669,
0.061320558190345764,19,37679,
0.062450721859931946,19,37689,
0.041303813457489014,19,37699,
0.05143601447343826,19,37709,
0.07562676817178726,19,37719,
0.061490170657634735,19,37729,
0.04349309206008911,19,37739,
0.03632763773202896,19,37749,
0.05187059938907623,19,37759,
0.06108434870839119,19,37769,
0.029033204540610313,19,37779,
0.07631301134824753,19,37789,
0.06436601281166077,19,37799,
0.04147056117653847,19,37809,
0.07965133339166641,19,37819,
0.061049845069646835,19,37829,
0.03251667693257332,19,37839,
0.05008450895547867,19,37849,
0.06080039218068123,19,37859,
0.055736176669597626,19,37869,
0.0618131048977375,19,37879,
0.05718345195055008,19,37889,
0.0644780695438385,19,37899,
0.04772181808948517,19,37909,
0.05967450141906738,19,37919,
0.029492676258087158,19,37929,
0.0403294675052166,19,37939,
0.0604010634124279,19,37949,
0.03737536445260048,19,37959,
0.06981533020734787,19,37969,
0.04746298864483833,19,37979,
0.03369566425681114,19,37989,
0.057294052094221115,19,37999,
0.04269859194755554,19,38009,
0.040429580956697464,19,38019,
0.06514514982700348,19,38029,
0.05673036351799965,19,38039,
0.05194105952978134,19,38049,
0.059303488582372665,19,38059,
0.0520559623837471,19,38069,
0.054515715688467026,19,38079,
0.036090776324272156,19,38089,
0.028778549283742905,19,38099,
0.04340753331780434,19,38109,
0.04423048719763756,19,38119,
0.04851266369223595,19,38129,
0.059617798775434494,19,38139,
0.04541316255927086,19,38149,
0.04932013526558876,19,38159,
0.05784725025296211,19,38169,
0.033981237560510635,19,38179,
0.05993211269378662,19,38189,
0.048732656985521317,19,38199,
0.04985988140106201,19,38209,
0.04856264963746071,19,38219,
0.05037299171090126,19,38229,
0.03590915724635124,19,38239,
0.04284841567277908,19,38249,
0.0793398916721344,19,38259,
0.07106984406709671,19,38269,
0.04747914895415306,19,38279,
0.0365215428173542,19,38289,
0.05474764481186867,19,38299,
0.05851496756076813,19,38309,
0.05427512153983116,19,38319,
0.03778592124581337,19,38329,
0.05664386972784996,19,38339,
0.05643026903271675,19,38349,
0.048788197338581085,19,38359,
0.04728364571928978,19,38369,
0.06670242547988892,19,38379,
0.052972462028265,19,38389,
0.03277893364429474,19,38399,
0.050997838377952576,19,38409,
0.058371976017951965,19,38419,
0.047255296260118484,19,38429,
0.06225750967860222,19,38439,
0.05027269572019577,19,38449,
0.060589499771595,19,38459,
0.07510418444871902,19,38469,
0.0808124989271164,19,38479,
0.057020023465156555,19,38489,
0.058217208832502365,19,38499,
0.0431194044649601,19,38509,
0.047092098742723465,19,38519,
0.03898048400878906,19,38529,
0.04441802576184273,19,38539,
0.06626693159341812,19,38549,
0.03803068771958351,19,38559,
0.06349726766347885,19,38569,
0.04662254825234413,19,38579,
0.045631878077983856,19,38589,
0.05110457167029381,19,38599,
0.04130318760871887,19,38609,
0.05951409786939621,19,38619,
0.06340743601322174,19,38629,
0.047442588955163956,19,38639,
0.05538228899240494,19,38649,
0.06330571323633194,19,38659,
0.05311794951558113,19,38669,
0.09157600998878479,19,38679,
0.0782707929611206,19,38689,
0.04012380540370941,19,38699,
0.057704269886016846,19,38709,
0.05939169228076935,19,38719,
0.06505008786916733,19,38729,
0.05777140334248543,19,38739,
0.07774082571268082,19,38749,
0.06211240589618683,19,38759,
0.038695938885211945,19,38769,
0.058538250625133514,19,38779,
0.10109414160251617,19,38789,
0.04638316109776497,19,38799,
0.04517894238233566,19,38809,
0.048635974526405334,19,38819,
0.046512171626091,19,38829,
0.04794599115848541,19,38839,
0.04292847588658333,19,38849,
0.04173368960618973,19,38859,
0.07418643683195114,19,38869,
0.05350847914814949,19,38879,
0.061800114810466766,19,38889,
0.06675944477319717,19,38899,
0.057799797505140305,19,38909,
0.05027823895215988,19,38919,
0.050494927912950516,19,38929,
0.02858586050570011,19,38939,
0.0434078574180603,19,38949,
0.07223222404718399,19,38959,
0.050589416176080704,19,38969,
0.06134883686900139,19,38979,
0.09161439538002014,19,38989,
0.04956188052892685,19,38999,
0.04258912056684494,19,39009,
0.04900717735290527,19,39019,
0.05084800720214844,19,39029,
0.060999803245067596,19,39039,
0.04400036111474037,19,39049,
0.05159207060933113,19,39059,
0.04733845219016075,19,39069,
0.04415671154856682,19,39079,
0.03851550817489624,19,39089,
0.04490732029080391,19,39099,
0.05005289241671562,19,39109,
0.043033380061388016,19,39119,
0.054346367716789246,19,39129,
0.03168266639113426,19,39139,
0.03944609686732292,19,39149,
0.046397674828767776,19,39159,
0.07766713201999664,19,39169,
0.0361107736825943,19,39179,
0.04136223718523979,19,39189,
0.04617572948336601,19,39199,
0.047493863850831985,19,39209,
0.048992522060871124,19,39219,
0.0429825522005558,19,39229,
0.06590898334980011,19,39239,
0.055385369807481766,19,39249,
0.06484764814376831,19,39259,
0.046789877116680145,19,39269,
0.052800919860601425,19,39279,
0.03189887851476669,19,39289,
0.04872911423444748,19,39299,
0.0678781047463417,19,39309,
0.055850282311439514,19,39319,
,19,39319,0.05169560760259628
0.03044833056628704,20,39329,
0.05521300062537193,20,39339,
0.04723259061574936,20,39349,
0.038478363305330276,20,39359,
0.06089221313595772,20,39369,
0.07167967408895493,20,39379,
0.06291946023702621,20,39389,
0.02472992241382599,20,39399,
0.06798037141561508,20,39409,
0.05458550527691841,20,39419,
0.08863731473684311,20,39429,
0.039731215685606,20,39439,
0.04871348664164543,20,39449,
0.043983008712530136,20,39459,
0.045456334948539734,20,39469,
0.05581509321928024,20,39479,
0.07018449157476425,20,39489,
0.05229343846440315,20,39499,
0.04032319784164429,20,39509,
0.056361205875873566,20,39519,
0.05811978876590729,20,39529,
0.05259201303124428,20,39539,
0.062388911843299866,20,39549,
0.063906230032444,20,39559,
0.037643395364284515,20,39569,
0.0619363933801651,20,39579,
0.04837188497185707,20,39589,
0.04825935885310173,20,39599,
0.080466128885746,20,39609,
0.03044266812503338,20,39619,
0.08175797015428543,20,39629,
0.04788229614496231,20,39639,
0.03715056926012039,20,39649,
0.056965768337249756,20,39659,
0.05678901448845863,20,39669,
0.04678640142083168,20,39679,
0.0417369082570076,20,39689,
0.05359809845685959,20,39699,
0.03822546452283859,20,39709,
0.04918079823255539,20,39719,
0.06282559037208557,20,39729,
0.052128277719020844,20,39739,
0.08366010338068008,20,39749,
0.06325316429138184,20,39759,
0.05227361246943474,20,39769,
0.0658942312002182,20,39779,
0.03388539329171181,20,39789,
0.04847637563943863,20,39799,
0.05661182850599289,20,39809,
0.059635188430547714,20,39819,
0.06791570037603378,20,39829,
0.07408053427934647,20,39839,
0.054543640464544296,20,39849,
0.05416383594274521,20,39859,
0.03821489214897156,20,39869,
0.0504298135638237,20,39879,
0.040238574147224426,20,39889,
0.03734051063656807,20,39899,
0.06952238082885742,20,39909,
0.04768982157111168,20,39919,
0.06938178837299347,20,39929,
0.04708503559231758,20,39939,
0.04895912855863571,20,39949,
0.07020506262779236,20,39959,
0.037592384964227676,20,39969,
0.03667192906141281,20,39979,
0.045002445578575134,20,39989,
0.04610941931605339,20,39999,
0.0664968341588974,20,40009,
0.05287941172719002,20,40019,
0.06810126453638077,20,40029,
0.05034193769097328,20,40039,
0.09752462059259415,20,40049,
0.03669334948062897,20,40059,
0.04670681804418564,20,40069,
0.045381952077150345,20,40079,
0.04763057455420494,20,40089,
0.0457693375647068,20,40099,
0.06541760265827179,20,40109,
0.038323916494846344,20,40119,
0.050852883607149124,20,40129,
0.05006181076169014,20,40139,
0.06254327297210693,20,40149,
0.053228527307510376,20,40159,
0.036632392555475235,20,40169,
0.04386413097381592,20,40179,
0.06383980810642242,20,40189,
0.04464172199368477,20,40199,
0.05455346405506134,20,40209,
0.044001881033182144,20,40219,
0.044620662927627563,20,40229,
0.0500350184738636,20,40239,
0.06200558692216873,20,40249,
0.05318733677268028,20,40259,
0.05727284401655197,20,40269,
0.0536617711186409,20,40279,
0.04533018544316292,20,40289,
0.04765209183096886,20,40299,
0.04572145268321037,20,40309,
0.047793567180633545,20,40319,
0.06614098697900772,20,40329,
0.062434595078229904,20,40339,
0.07874464243650436,20,40349,
0.054787278175354004,20,40359,
0.048623163253068924,20,40369,
0.04763946309685707,20,40379,
0.04069783166050911,20,40389,
0.04874531552195549,20,40399,
0.041628606617450714,20,40409,
0.03750091791152954,20,40419,
0.0621679313480854,20,40429,
0.05663393810391426,20,40439,
0.06614866107702255,20,40449,
0.057257309556007385,20,40459,
0.05218997225165367,20,40469,
0.055369872599840164,20,40479,
0.07504002004861832,20,40489,
0.048381440341472626,20,40499,
0.04965628683567047,20,40509,
0.03978133946657181,20,40519,
0.046091414988040924,20,40529,
0.05762479081749916,20,40539,
0.06790675967931747,20,40549,
0.04701538383960724,20,40559,
0.05662502720952034,20,40569,
0.05306006222963333,20,40579,
0.060497429221868515,20,40589,
0.046889934688806534,20,40599,
0.04568030312657356,20,40609,
0.05006382241845131,20,40619,
0.040368009358644485,20,40629,
0.035541512072086334,20,40639,
0.060532476752996445,20,40649,
0.0430530309677124,20,40659,
0.061114974319934845,20,40669,
0.03980289772152901,20,40679,
0.03935536369681358,20,40689,
0.04459989070892334,20,40699,
0.06902243942022324,20,40709,
0.05197037756443024,20,40719,
0.06223095953464508,20,40729,
0.0768757238984108,20,40739,
0.055325303226709366,20,40749,
0.04965966194868088,20,40759,
0.05528593808412552,20,40769,
0.06363049894571304,20,40779,
0.037700165063142776,20,40789,
0.0632408931851387,20,40799,
0.050402868539094925,20,40809,
0.05942244082689285,20,40819,
0.039882417768239975,20,40829,
0.055052127689123154,20,40839,
0.04069054126739502,20,40849,
0.059845224022865295,20,40859,
0.05279271677136421,20,40869,
0.055905673652887344,20,40879,
0.05502672865986824,20,40889,
0.059947531670331955,20,40899,
0.03788409009575844,20,40909,
0.05189773812890053,20,40919,
0.06503909826278687,20,40929,
0.06430210918188095,20,40939,
0.041959311813116074,20,40949,
0.050080399960279465,20,40959,
0.06761648505926132,20,40969,
0.03659669682383537,20,40979,
0.04843579977750778,20,40989,
0.04696475341916084,20,40999,
0.04432060942053795,20,41009,
0.0485970564186573,20,41019,
0.04517485573887825,20,41029,
0.0365229994058609,20,41039,
0.040206339210271835,20,41049,
0.04859684035181999,20,41059,
0.040284086018800735,20,41069,
0.07320882380008698,20,41079,
0.06326793879270554,20,41089,
0.0444350503385067,20,41099,
0.05311891809105873,20,41109,
0.052488792687654495,20,41119,
0.0960530936717987,20,41129,
0.07548883557319641,20,41139,
0.04258934035897255,20,41149,
0.043841827660799026,20,41159,
0.03729577362537384,20,41169,
0.04308902099728584,20,41179,
0.0309594739228487,20,41189,
0.05224161595106125,20,41199,
0.07409260421991348,20,41209,
0.0630437359213829,20,41219,
0.06801719218492508,20,41229,
0.05741438642144203,20,41239,
0.05628204345703125,20,41249,
0.0307965949177742,20,41259,
0.07054150104522705,20,41269,
0.0585099533200264,20,41279,
,20,41285,0.051553599536418915
0.05120532587170601,21,41289,
0.04047522693872452,21,41299,
0.047830600291490555,21,41309,
0.03216875344514847,21,41319,
0.05488025024533272,21,41329,
0.031570982187986374,21,41339,
0.058916185051202774,21,41349,
0.04775603488087654,21,41359,
0.053436074405908585,21,41369,
0.046742625534534454,21,41379,
0.04846404865384102,21,41389,
0.04321344569325447,21,41399,
0.04784923046827316,21,41409,
0.03859611973166466,21,41419,
0.07074782997369766,21,41429,
0.0482613667845726,21,41439,
0.04010703042149544,21,41449,
0.03102429024875164,21,41459,
0.05638256296515465,21,41469,
0.07410012185573578,21,41479,
0.047616686671972275,21,41489,
0.05019311606884003,21,41499,
0.04751737415790558,21,41509,
0.05740593746304512,21,41519,
0.06266871839761734,21,41529,
0.038528140634298325,21,41539,
0.04098110273480415,21,41549,
0.048022713512182236,21,41559,
0.08078377693891525,21,41569,
0.08617344498634338,21,41579,
0.05053699016571045,21,41589,
0.06864112615585327,21,41599,
0.03578219935297966,21,41609,
0.040693510323762894,21,41619,
0.045390065759420395,21,41629,
0.04144170135259628,21,41639,
0.05636204779148102,21,41649,
0.04661960154771805,21,41659,
0.07332537323236465,21,41669,
0.04427467659115791,21,41679,
0.05872523784637451,21,41689,
0.04848404601216316,21,41699,
0.042544737458229065,21,41709,
0.02612903341650963,21,41719,
0.0338214673101902,21,41729,
0.03883553296327591,21,41739,
0.04562653973698616,21,41749,
0.04813576489686966,21,41759,
0.04077605530619621,21,41769,
0.06385941803455353,21,41779,
0.05557845160365105,21,41789,
0.051606185734272,21,41799,
0.052701354026794434,21,41809,
0.06065305694937706,21,41819,
0.06747382134199142,21,41829,
0.04833512380719185,21,41839,
0.05479873716831207,21,41849,
0.07106596231460571,21,41859,
0.07693574577569962,21,41869,
0.04323175922036171,21,41879,
0.05152549967169762,21,41889,
0.04805437847971916,21,41899,
0.0538056418299675,21,41909,
0.06344319880008698,21,41919,
0.05536056309938431,21,41929,
0.06208974868059158,21,41939,
0.04860763996839523,21,41949,
0.05626260116696358,21,41959,
0.04559539631009102,21,41969,
0.03527658060193062,21,41979,
0.049449849873781204,21,41989,
0.05465921387076378,21,41999,
0.053343791514635086,21,42009,
0.04034300148487091,21,42019,
0.04206128418445587,21,42029,
0.038299985229969025,21,42039,
0.040317434817552567,21,42049,
0.04295306280255318,21,42059,
0.04695751145482063,21,42069,
0.0705530196428299,21,42079,
0.06586563587188721,21,42089,
0.06718531996011734,21,42099,
0.08212628960609436,21,42109,
0.05884900316596031,21,42119,
0.059955134987831116,21,42129,
0.07712112367153168,21,42139,
0.06045595929026604,21,42149,
0.039838261902332306,21,42159,
0.05072839930653572,21,42169,
0.06724182516336441,21,42179,
0.06716441363096237,21,42189,
0.06140856072306633,21,42199,
0.05420924350619316,21,42209,
0.038690436631441116,21,42219,
0.04406395182013512,21,42229,
0.0529390387237072,21,42239,
0.03319217264652252,21,42249,
0.06285790354013443,21,42259,
0.05576219782233238,21,42269,
0.06653677672147751,21,42279,
0.034690890461206436,21,42289,
0.05395646393299103,21,42299,
0.07842110097408295,21,42309,
0.05872790142893791,21,42319,
0.03499572351574898,21,42329,
0.06438936293125153,21,42339,
0.03483752906322479,21,42349,
0.04099263250827789,21,42359,
0.05530036985874176,21,42369,
0.07211202383041382,21,42379,
0.03990454971790314,21,42389,
0.089570552110672,21,42399,
0.06140657141804695,21,42409,
0.05255207419395447,21,42419,
0.03499888256192207,21,42429,
0.06291910260915756,21,42439,
0.04037458449602127,21,42449,
0.043389491736888885,21,42459,
0.05417404696345329,21,42469,
0.0670768991112709,21,42479,
0.0485285185277462,21,42489,
0.04545068368315697,21,42499,
0.04747974872589111,21,42509,
0.04797417297959328,21,42519,
0.04803068935871124,21,42529,
0.044582683593034744,21,42539,
0.055004656314849854,21,42549,
0.05983491241931915,21,42559,
0.05090024694800377,21,42569,
0.045488178730010986,21,42579,
0.0470404252409935,21,42589,
0.049181003123521805,21,42599,
0.06501048058271408,21,42609,
0.037864260375499725,21,42619,
0.07561416178941727,21,42629,
0.06387481838464737,21,42639,
0.053943466395139694,21,42649,
0.04998820647597313,21,42659,
0.04317032918334007,21,42669,
0.034150779247283936,21,42679,
0.047851305454969406,21,42689,
0.0510573647916317,21,42699,
0.05079737678170204,21,42709,
0.056420642882585526,21,42719,
0.051884233951568604,21,42729,
0.03892213851213455,21,42739,
0.06466922909021378,21,42749,
0.056485820561647415,21,42759,
0.06959867477416992,21,42769,
0.053198520094156265,21,42779,
0.02353774942457676,21,42789,
0.044488098472356796,21,42799,
0.03314455226063728,21,42809,
0.0613410547375679,21,42819,
0.03802579641342163,21,42829,
0.04522601142525673,21,42839,
0.055245108902454376,21,42849,
0.04985771328210831,21,42859,
0.04880274459719658,21,42869,
0.05443381145596504,21,42879,
0.0529937744140625,21,42889,
0.047601018100976944,21,42899,
0.05292631685733795,21,42909,
0.061231229454278946,21,42919,
0.039397869259119034,21,42929,
0.034600988030433655,21,42939,
0.047240860760211945,21,42949,
0.06175697594881058,21,42959,
0.04800094664096832,21,42969,
0.053543951362371445,21,42979,
0.050689250230789185,21,42989,
0.04668349772691727,21,42999,
0.046109769493341446,21,43009,
0.04112458974123001,21,43019,
0.03857119753956795,21,43029,
0.05279430374503136,21,43039,
0.04342071712017059,21,43049,
0.04720631614327431,21,43059,
0.07023664563894272,21,43069,
0.049164559692144394,21,43079,
0.0410790853202343,21,43089,
0.05852105841040611,21,43099,
0.08228818327188492,21,43109,
0.042149867862463,21,43119,
0.04666368290781975,21,43129,
0.05405900999903679,21,43139,
0.03255074471235275,21,43149,
0.04792875424027443,21,43159,
0.04566296562552452,21,43169,
0.03880087658762932,21,43179,
0.05625303462147713,21,43189,
0.048977483063936234,21,43199,
0.05998524650931358,21,43209,
0.04845893383026123,21,43219,
0.05316059663891792,21,43229,
0.04529082030057907,21,43239,
0.060058314353227615,21,43249,
,21,43251,0.05122971907258034
0.050263453274965286,22,43259,
0.067801833152771,22,43269,
0.04241330921649933,22,43279,
0.05190574377775192,22,43289,
0.04420911520719528,22,43299,
0.05104822665452957,22,43309,
0.03431093692779541,22,43319,
0.07402431219816208,22,43329,
0.061507537961006165,22,43339,
0.053902555257081985,22,43349,
0.06911427527666092,22,43359,
0.07288858294487,22,43369,
0.03714282065629959,22,43379,
0.049383752048015594,22,43389,
0.04683944955468178,22,43399,
0.04007524251937866,22,43409,
0.03885478898882866,22,43419,
0.062312014400959015,22,43429,
0.028892040252685547,22,43439,
0.06680888682603836,22,43449,
0.05356248468160629,22,43459,
0.06350603699684143,22,43469,
0.05876128003001213,22,43479,
0.047032009810209274,22,43489,
0.047448694705963135,22,43499,
0.04368695616722107,22,43509,
0.0347374752163887,22,43519,
0.06083528324961662,22,43529,
0.06883435696363449,22,43539,
0.04454086720943451,22,43549,
0.03579108789563179,22,43559,
0.04546402767300606,22,43569,
0.053971994668245316,22,43579,
0.06704078614711761,22,43589,
0.04248679429292679,22,43599,
0.06340739876031876,22,43609,
0.04742063954472542,22,43619,
0.059276845306158066,22,43629,
0.04632595553994179,22,43639,
0.07741765677928925,22,43649,
0.04093100503087044,22,43659,
0.07759755104780197,22,43669,
0.05130290985107422,22,43679,
0.06997819989919662,22,43689,
0.058834534138441086,22,43699,
0.05459034442901611,22,43709,
0.06586944311857224,22,43719,
0.03495005890727043,22,43729,
0.038612138479948044,22,43739,
0.050945475697517395,22,43749,
0.03841876983642578,22,43759,
0.06038208678364754,22,43769,
0.0744563490152359,22,43779,
0.06774135679006577,22,43789,
0.05889074131846428,22,43799,
0.06297888606786728,22,43809,
0.05779072269797325,22,43819,
0.047068919986486435,22,43829,
0.054156702011823654,22,43839,
0.03712372109293938,22,43849,
0.051035329699516296,22,43859,
0.04895695671439171,22,43869,
0.045906662940979004,22,43879,
0.05710851028561592,22,43889,
0.04953106865286827,22,43899,
0.052235160022974014,22,43909,
0.04348911717534065,22,43919,
0.054376985877752304,22,43929,
0.04801390692591667,22,43939,
0.056007590144872665,22,43949,
0.06018027290701866,22,43959,
0.05526575818657875,22,43969,
0.06926333904266357,22,43979,
0.062304455786943436,22,43989,
0.05032556131482124,22,43999,
0.048048775643110275,22,44009,
0.09763051569461823,22,44019,
0.048751167953014374,22,44029,
0.05954967811703682,22,44039,
0.05423310771584511,22,44049,
0.0380815789103508,22,44059,
0.04483076184988022,22,44069,
0.03856561705470085,22,44079,
0.04770937189459801,22,44089,
0.03880174458026886,22,44099,
0.06185906380414963,22,44109,
0.057272423058748245,22,44119,
0.07092316448688507,22,44129,
0.03897763416171074,22,44139,
0.04507565498352051,22,44149,
0.045527298003435135,22,44159,
0.052071768790483475,22,44169,
0.03800985589623451,22,44179,
0.06307805329561234,22,44189,
0.05944499745965004,22,44199,
0.0638880580663681,22,44209,
0.04691344499588013,22,44219,
0.05317181348800659,22,44229,
0.03875592723488808,22,44239,
0.043321892619132996,22,44249,
0.03484155237674713,22,44259,
0.05402166023850441,22,44269,
0.036912865936756134,22,44279,
0.040699925273656845,22,44289,
0.0570572093129158,22,44299,
0.048253145068883896,22,44309,
0.05465753376483917,22,44319,
0.05669303610920906,22,44329,
0.060625508427619934,22,44339,
0.03808332234621048,22,44349,
0.06523098796606064,22,44359,
0.050673067569732666,22,44369,
0.05071072652935982,22,44379,
0.05089309811592102,22,44389,
0.05428989231586456,22,44399,
0.0629437267780304,22,44409,
0.0680459663271904,22,44419,
0.03380792587995529,22,44429,
0.07559061050415039,22,44439,
0.05765819549560547,22,44449,
0.0683872178196907,22,44459,
0.037818003445863724,22,44469,
0.04232754185795784,22,44479,
0.055805087089538574,22,44489,
0.04167521744966507,22,44499,
0.0508871003985405,22,44509,
0.07299482822418213,22,44519,
0.039896752685308456,22,44529,
0.044612400233745575,22,44539,
0.04343976452946663,22,44549,
0.026790060102939606,22,44559,
0.05266270413994789,22,44569,
0.03478807955980301,22,44579,
0.06532356888055801,22,44589,
0.04013437405228615,22,44599,
0.04855044186115265,22,44609,
0.056920602917671204,22,44619,
0.037413451820611954,22,44629,
0.04812471941113472,22,44639,
0.052687160670757294,22,44649,
0.044701650738716125,22,44659,
0.05052800849080086,22,44669,
0.06257206946611404,22,44679,
0.07033721357584,22,44689,
0.09028492867946625,22,44699,
0.05287180468440056,22,44709,
0.042849984019994736,22,44719,
0.04069187864661217,22,44729,
0.045685894787311554,22,44739,
0.05101204663515091,22,44749,
0.03801005333662033,22,44759,
0.03512516990303993,22,44769,
0.03740750998258591,22,44779,
0.06938286870718002,22,44789,
0.04502374678850174,22,44799,
0.042020898312330246,22,44809,
0.03814440965652466,22,44819,
0.05338878184556961,22,44829,
0.04734523594379425,22,44839,
0.03999834135174751,22,44849,
0.08838062733411789,22,44859,
0.0748022124171257,22,44869,
0.04019124060869217,22,44879,
0.05289464443922043,22,44889,
0.042592328041791916,22,44899,
0.04897887632250786,22,44909,
0.04877505078911781,22,44919,
0.05206736549735069,22,44929,
0.05321286991238594,22,44939,
0.04493056982755661,22,44949,
0.040692560374736786,22,44959,
0.06827842444181442,22,44969,
0.05821418762207031,22,44979,
0.044743601232767105,22,44989,
0.045377351343631744,22,44999,
0.04914546757936478,22,45009,
0.04772109165787697,22,45019,
0.030792852863669395,22,45029,
0.029537677764892578,22,45039,
0.041935935616493225,22,45049,
0.04681673273444176,22,45059,
0.04750828817486763,22,45069,
0.06642966717481613,22,45079,
0.03917662426829338,22,45089,
0.04289548471570015,22,45099,
0.047766219824552536,22,45109,
0.05800890922546387,22,45119,
0.05739952623844147,22,45129,
0.044079769402742386,22,45139,
0.03860557824373245,22,45149,
0.05284162610769272,22,45159,
0.029877344146370888,22,45169,
0.05389529466629028,22,45179,
0.07600998878479004,22,45189,
0.06844226270914078,22,45199,
0.05405903980135918,22,45209,
,22,45217,0.050980422645807266
0.04685329645872116,23,45219,
0.06469358503818512,23,45229,
0.041237831115722656,23,45239,
0.03438732400536537,23,45249,
0.05199839547276497,23,45259,
0.0416187159717083,23,45269,
0.0415445901453495,23,45279,
0.05507390573620796,23,45289,
0.037238333374261856,23,45299,
0.04544714465737343,23,45309,
0.04934776574373245,23,45319,
0.04433165118098259,23,45329,
0.04817589372396469,23,45339,
0.043261781334877014,23,45349,
0.042980220168828964,23,45359,
0.04582737758755684,23,45369,
0.07952464371919632,23,45379,
0.0626693144440651,23,45389,
0.07265666872262955,23,45399,
0.04472710192203522,23,45409,
0.036505214869976044,23,45419,
0.04814654216170311,23,45429,
0.038872674107551575,23,45439,
0.04411013424396515,23,45449,
0.05140059068799019,23,45459,
0.053844042122364044,23,45469,
0.05432819575071335,23,45479,
0.0417843796312809,23,45489,
0.06015953794121742,23,45499,
0.042226750403642654,23,45509,
0.046418361365795135,23,45519,
0.03937843069434166,23,45529,
0.03951544314622879,23,45539,
0.056828368455171585,23,45549,
0.0723227933049202,23,45559,
0.04157071188092232,23,45569,
0.05097777023911476,23,45579,
0.04994647949934006,23,45589,
0.0647694393992424,23,45599,
0.06541267037391663,23,45609,
0.043143562972545624,23,45619,
0.03565995395183563,23,45629,
0.03781459107995033,23,45639,
0.05473938211798668,23,45649,
0.04409222677350044,23,45659,
0.06911909580230713,23,45669,
0.0458768792450428,23,45679,
0.046168748289346695,23,45689,
0.053217317909002304,23,45699,
0.03477628901600838,23,45709,
0.07118121534585953,23,45719,
0.046014562249183655,23,45729,
0.04262604936957359,23,45739,
0.06696222722530365,23,45749,
0.048374373465776443,23,45759,
0.04390513524413109,23,45769,
0.050849832594394684,23,45779,
0.057544417679309845,23,45789,
0.06276198476552963,23,45799,
0.0436515212059021,23,45809,
0.043378300964832306,23,45819,
0.03893137723207474,23,45829,
0.06786404550075531,23,45839,
0.05130404233932495,23,45849,
0.07339463382959366,23,45859,
0.03972405567765236,23,45869,
0.07381583750247955,23,45879,
0.05893572047352791,23,45889,
0.05227161943912506,23,45899,
0.07371357828378677,23,45909,
0.05835641920566559,23,45919,
0.04580595716834068,23,45929,
0.033061783760786057,23,45939,
0.04205726459622383,23,45949,
0.043625857681035995,23,45959,
0.050637226551771164,23,45969,
0.051112834364175797,23,45979,
0.06336949020624161,23,45989,
0.048919860273599625,23,45999,
0.06251862645149231,23,46009,
0.0636536255478859,23,46019,
0.043712906539440155,23,46029,
0.04985711723566055,23,46039,
0.039939869195222855,23,46049,
0.050731733441352844,23,46059,
0.0636182427406311,23,46069,
0.043079476803541183,23,46079,
0.05372573062777519,23,46089,
0.042706865817308426,23,46099,
0.0408717542886734,23,46109,
0.060830552130937576,23,46119,
0.048511166125535965,23,46129,
0.06232234463095665,23,46139,
0.048787523061037064,23,46149,
0.03947897255420685,23,46159,
0.04062148556113243,23,46169,
0.04817405715584755,23,46179,
0.05778113380074501,23,46189,
0.03100268729031086,23,46199,
0.05316310003399849,23,46209,
0.05576203390955925,23,46219,
0.04723041504621506,23,46229,
0.047702617943286896,23,46239,
0.06343624740839005,23,46249,
0.0488094687461853,23,46259,
0.04610540345311165,23,46269,
0.05483038350939751,23,46279,
0.042447078973054886,23,46289,
0.03207314759492874,23,46299,
0.07142142206430435,23,46309,
0.05023028329014778,23,46319,
0.05207051709294319,23,46329,
0.04680134356021881,23,46339,
0.0474221296608448,23,46349,
0.0765601247549057,23,46359,
0.0475720651447773,23,46369,
0.040618039667606354,23,46379,
0.04379625990986824,23,46389,
0.05209016799926758,23,46399,
0.03868691995739937,23,46409,
0.06768278032541275,23,46419,
0.06688649952411652,23,46429,
0.039780572056770325,23,46439,
0.0595717690885067,23,46449,
0.047979023307561874,23,46459,
0.05537554249167442,23,46469,
0.048126060515642166,23,46479,
0.039644017815589905,23,46489,
0.05287604406476021,23,46499,
0.045274749398231506,23,46509,
0.04609004408121109,23,46519,
0.049417536705732346,23,46529,
0.035383351147174835,23,46539,
0.05959692224860191,23,46549,
0.05182618647813797,23,46559,
0.038708340376615524,23,46569,
0.0454232431948185,23,46579,
0.02716115117073059,23,46589,
0.0458502359688282,23,46599,
0.028385208919644356,23,46609,
0.035880494862794876,23,46619,
0.046311307698488235,23,46629,
0.04942261055111885,23,46639,
0.050286270678043365,23,46649,
0.03820051625370979,23,46659,
0.07637272030115128,23,46669,
0.03936639800667763,23,46679,
0.038543593138456345,23,46689,
0.03827093914151192,23,46699,
0.039717692881822586,23,46709,
0.07398854196071625,23,46719,
0.04303024709224701,23,46729,
0.06725802272558212,23,46739,
0.04121188446879387,23,46749,
0.036275044083595276,23,46759,
0.060549404472112656,23,46769,
0.054912250488996506,23,46779,
0.05867597833275795,23,46789,
0.04976079985499382,23,46799,
0.03257216885685921,23,46809,
0.060025785118341446,23,46819,
0.05347471311688423,23,46829,
0.04392395541071892,23,46839,
0.057004716247320175,23,46849,
0.038086388260126114,23,46859,
0.038226015865802765,23,46869,
0.05285804346203804,23,46879,
0.06997903436422348,23,46889,
0.0592564232647419,23,46899,
0.043273232877254486,23,46909,
0.08068569004535675,23,46919,
0.045613501220941544,23,46929,
0.03087858110666275,23,46939,
0.028287474066019058,23,46949,
0.04634789004921913,23,46959,
0.04718369245529175,23,46969,
0.052011456340551376,23,46979,
0.04489993676543236,23,46989,
0.050932615995407104,23,46999,
0.04162687808275223,23,47009,
0.056050706654787064,23,47019,
0.05099882557988167,23,47029,
0.040323320776224136,23,47039,
0.04881487041711807,23,47049,
0.053948480635881424,23,47059,
0.05208725482225418,23,47069,
0.058427680283784866,23,47079,
0.06124686077237129,23,47089,
0.048425108194351196,23,47099,
0.03703773021697998,23,47109,
0.057262539863586426,23,47119,
0.038450226187705994,23,47129,
0.06527484953403473,23,47139,
0.053934380412101746,23,47149,
0.058383915573358536,23,47159,
0.04511601850390434,23,47169,
0.049555983394384384,23,47179,
,23,47183,0.05055401846766472
0.04716651141643524,24,47189,
0.0469580702483654,24,47199,
0.042553432285785675,24,47209,
0.039002083241939545,24,47219,
0.052071429789066315,24,47229,
0.04661093279719353,24,47239,
0.04238029196858406,24,47249,
0.0907285287976265,24,47259,
0.037094373255968094,24,47269,
0.045768603682518005,24,47279,
0.043980538845062256,24,47289,
0.045172613114118576,24,47299,
0.055169932544231415,24,47309,
0.04874030128121376,24,47319,
0.050893280655145645,24,47329,
0.03494791314005852,24,47339,
0.044348303228616714,24,47349,
0.054824940860271454,24,47359,
0.03954628109931946,24,47369,
0.04585254192352295,24,47379,
0.05676813796162605,24,47389,
0.04233349859714508,24,47399,
0.04681193083524704,24,47409,
0.04788440838456154,24,47419,
0.04177260771393776,24,47429,
0.04933394491672516,24,47439,
0.06231379508972168,24,47449,
0.06835639476776123,24,47459,
0.05924644693732262,24,47469,
0.06425360590219498,24,47479,
0.04182407632470131,24,47489,
0.04830995947122574,24,47499,
0.08326898515224457,24,47509,
0.061945121735334396,24,47519,
0.03710049390792847,24,47529,
0.0642857700586319,24,47539,
0.054497379809617996,24,47549,
0.04632015898823738,24,47559,
0.04105048254132271,24,47569,
0.0602499321103096,24,47579,
0.0449100024998188,24,47589,
0.054739098995923996,24,47599,
0.043651044368743896,24,47609,
0.06707337498664856,24,47619,
0.05564816668629646,24,47629,
0.05025686323642731,24,47639,
0.054779041558504105,24,47649,
0.0419190376996994,24,47659,
0.04050888121128082,24,47669,
0.059091825038194656,24,47679,
0.06398630142211914,24,47689,
0.06301955133676529,24,47699,
0.03314591199159622,24,47709,
0.038455668836832047,24,47719,
0.052810847759246826,24,47729,
0.04457815736532211,24,47739,
0.04704790189862251,24,47749,
0.05664144828915596,24,47759,
0.06387640535831451,24,47769,
0.06555213779211044,24,47779,
0.0643492266535759,24,47789,
0.07186586409807205,24,47799,
0.03974335640668869,24,47809,
0.038964372128248215,24,47819,
0.05483643710613251,24,47829,
0.05151081830263138,24,47839,
0.05371131747961044,24,47849,
0.03505333140492439,24,47859,
0.0413350909948349,24,47869,
0.054568998515605927,24,47879,
0.046447474509477615,24,47889,
0.05092666298151016,24,47899,
0.051624394953250885,24,47909,
0.055559564381837845,24,47919,
0.057054776698350906,24,47929,
0.0446467325091362,24,47939,
0.0597982294857502,24,47949,
0.0411197729408741,24,47959,
0.0496516115963459,24,47969,
0.04252567142248154,24,47979,
0.06075350567698479,24,47989,
0.06064264103770256,24,47999,
0.07460131496191025,24,48009,
0.06720265001058578,24,48019,
0.050347838550806046,24,48029,
0.05155318230390549,24,48039,
0.04742478206753731,24,48049,
0.07076622545719147,24,48059,
0.046454720199108124,24,48069,
0.040081195533275604,24,48079,
0.06140579655766487,24,48089,
0.04407941550016403,24,48099,
0.050301071256399155,24,48109,
0.034562788903713226,24,48119,
0.035783801227808,24,48129,
0.05440697818994522,24,48139,
0.0419900044798851,24,48149,
0.04452478885650635,24,48159,
0.05378763750195503,24,48169,
0.052739161998033524,24,48179,
0.04624329134821892,24,48189,
0.06587973982095718,24,48199,
0.04971678555011749,24,48209,
0.06403189152479172,24,48219,
0.038769062608480453,24,48229,
0.036496952176094055,24,48239,
0.052797138690948486,24,48249,
0.04763610661029816,24,48259,
0.0499257929623127,24,48269,
0.04554780572652817,24,48279,
0.05627811700105667,24,48289,
0.05441233888268471,24,48299,
0.058856990188360214,24,48309,
0.03681841120123863,24,48319,
0.05766236037015915,24,48329,
0.06612629443407059,24,48339,
0.0613187812268734,24,48349,
0.05508570745587349,24,48359,
0.04705230891704559,24,48369,
0.047702569514513016,24,48379,
0.056806258857250214,24,48389,
0.04770253971219063,24,48399,
0.05578365549445152,24,48409,
0.057320285588502884,24,48419,
0.0393211729824543,24,48429,
0.065638966858387,24,48439,
0.04408133774995804,24,48449,
0.049570634961128235,24,48459,
0.06342925131320953,24,48469,
0.06879445165395737,24,48479,
0.03428926318883896,24,48489,
0.07164982706308365,24,48499,
0.04409409686923027,24,48509,
0.055704131722450256,24,48519,
0.05212473124265671,24,48529,
0.04666228964924812,24,48539,
0.0651039257645607,24,48549,
0.05221712961792946,24,48559,
0.05020814761519432,24,48569,
0.03995782136917114,24,48579,
0.06351840496063232,24,48589,
0.059893447905778885,24,48599,
0.0478891059756279,24,48609,
0.04515477642416954,24,48619,
0.031108954921364784,24,48629,
0.056102436035871506,24,48639,
0.07359860837459564,24,48649,
0.06678972393274307,24,48659,
0.06104724854230881,24,48669,
0.035461679100990295,24,48679,
0.03808920457959175,24,48689,
0.05910089239478111,24,48699,
0.05847739055752754,24,48709,
0.05098148062825203,24,48719,
0.04161050543189049,24,48729,
0.05011299252510071,24,48739,
0.05178271606564522,24,48749,
0.04356881603598595,24,48759,
0.06535974144935608,24,48769,
0.04674214497208595,24,48779,
0.041904378682374954,24,48789,
0.07492600381374359,24,48799,
0.05854620039463043,24,48809,
0.06386242061853409,24,48819,
0.04918377473950386,24,48829,
0.058124661445617676,24,48839,
0.06417498737573624,24,48849,
0.058206308633089066,24,48859,
0.0570065975189209,24,48869,
0.06969673186540604,24,48879,
0.035340070724487305,24,48889,
0.04274224117398262,24,48899,
0.05715303495526314,24,48909,
0.06490194797515869,24,48919,
0.03881106525659561,24,48929,
0.04595739394426346,24,48939,
0.062411680817604065,24,48949,
0.04793230816721916,24,48959,
0.04197828099131584,24,48969,
0.07187313586473465,24,48979,
0.05079936236143112,24,48989,
0.03961168974637985,24,48999,
0.04152720049023628,24,49009,
0.049007952213287354,24,49019,
0.07426806539297104,24,49029,
0.04101749137043953,24,49039,
0.04911498725414276,24,49049,
0.05615972727537155,24,49059,
0.06137616187334061,24,49069,
0.04198877513408661,24,49079,
0.04673251137137413,24,49089,
0.07148966938257217,24,49099,
0.05295955017209053,24,49109,
0.03739273548126221,24,49119,
0.047653209418058395,24,49129,
0.04363619163632393,24,49139,
0.037996213883161545,24,49149,
,24,49149,0.05039080232381821
0.040533360093832016,25,49159,
0.051554903388023376,25,49169,
0.043702226132154465,25,49179,
0.037854332476854324,25,49189,
0.06303564459085464,25,49199,
0.06892958283424377,25,49209,
0.06128690019249916,25,49219,
0.031521573662757874,25,49229,
0.05753691866993904,25,49239,
0.03893927112221718,25,49249,
0.034976959228515625,25,49259,
0.053541164845228195,25,49269,
0.06596652418375015,25,49279,
0.03996772691607475,25,49289,
0.047475628554821014,25,49299,
0.0660274401307106,25,49309,
0.04192386940121651,25,49319,
0.05119907855987549,25,49329,
0.049679581075906754,25,49339,
0.03972655534744263,25,49349,
0.03866460546851158,25,49359,
0.031578876078128815,25,49369,
0.05658361688256264,25,49379,
0.06673908233642578,25,49389,
0.0449976809322834,25,49399,
0.040284913033246994,25,49409,
0.05453619733452797,25,49419,
0.03637101873755455,25,49429,
0.07636348903179169,25,49439,
0.04517832398414612,25,49449,
0.04742223024368286,25,49459,
0.05387817695736885,25,49469,
0.06562761217355728,25,49479,
0.03684249147772789,25,49489,
0.03751395270228386,25,49499,
0.052748776972293854,25,49509,
0.055246807634830475,25,49519,
0.050555940717458725,25,49529,
0.05909779295325279,25,49539,
0.037721578031778336,25,49549,
0.05284816026687622,25,49559,
0.05496666952967644,25,49569,
0.09244947135448456,25,49579,
0.05399737134575844,25,49589,
0.0425274558365345,25,49599,
0.03425042703747749,25,49609,
0.041465990245342255,25,49619,
0.0448731929063797,25,49629,
0.06577111780643463,25,49639,
0.049247633665800095,25,49649,
0.052884723991155624,25,49659,
0.058596543967723846,25,49669,
0.050935354083776474,25,49679,
0.05294580012559891,25,49689,
0.042725373059511185,25,49699,
0.032705117017030716,25,49709,
0.0380290187895298,25,49719,
0.0391848087310791,25,49729,
0.07126472145318985,25,49739,
0.06035180762410164,25,49749,
0.02883746847510338,25,49759,
0.049796584993600845,25,49769,
0.03751201182603836,25,49779,
0.05081901326775551,25,49789,
0.05057244747877121,25,49799,
0.06378678232431412,25,49809,
0.05382367596030235,25,49819,
0.040578823536634445,25,49829,
0.057881858199834824,25,49839,
0.05163276940584183,25,49849,
0.047939009964466095,25,49859,
0.038648832589387894,25,49869,
0.03967335447669029,25,49879,
0.0322294719517231,25,49889,
0.0462520457804203,25,49899,
0.04639294371008873,25,49909,
0.04292349889874458,25,49919,
0.059172410517930984,25,49929,
0.044814929366111755,25,49939,
0.050418920814991,25,49949,
0.06782564520835876,25,49959,
0.04380257800221443,25,49969,
0.05154658854007721,25,49979,
0.058205801993608475,25,49989,
0.05758553743362427,25,49999,
0.039704579859972,25,50009,
0.06243075802922249,25,50019,
0.0513814240694046,25,50029,
0.0638454258441925,25,50039,
0.05209769308567047,25,50049,
0.06367482244968414,25,50059,
0.03932743892073631,25,50069,
0.04811166599392891,25,50079,
0.035913944244384766,25,50089,
0.05161998048424721,25,50099,
0.04612423852086067,25,50109,
0.04145640879869461,25,50119,
0.049471933394670486,25,50129,
0.03347824886441231,25,50139,
0.04266364127397537,25,50149,
0.05813968926668167,25,50159,
0.034281596541404724,25,50169,
0.03549307957291603,25,50179,
0.04153971001505852,25,50189,
0.06347822397947311,25,50199,
0.061555881053209305,25,50209,
0.049449373036623,25,50219,
0.055139243602752686,25,50229,
0.037919782102108,25,50239,
0.04561551287770271,25,50249,
0.051620520651340485,25,50259,
0.0608048252761364,25,50269,
0.06496889144182205,25,50279,
0.05176381394267082,25,50289,
0.06753112375736237,25,50299,
0.037612784653902054,25,50309,
0.04849512130022049,25,50319,
0.052214402705430984,25,50329,
0.050582289695739746,25,50339,
0.03327829763293266,25,50349,
0.055669426918029785,25,50359,
0.08174899965524673,25,50369,
0.043572213500738144,25,50379,
0.04693908616900444,25,50389,
0.0425700806081295,25,50399,
0.03602411225438118,25,50409,
0.06528503447771072,25,50419,
0.03975098952651024,25,50429,
0.052752986550331116,25,50439,
0.0483846552670002,25,50449,
0.04547876492142677,25,50459,
0.054492492228746414,25,50469,
0.03149983286857605,25,50479,
0.04420685023069382,25,50489,
0.049838270992040634,25,50499,
0.047364216297864914,25,50509,
0.056405141949653625,25,50519,
0.037463534623384476,25,50529,
0.06337391585111618,25,50539,
0.045725226402282715,25,50549,
0.05981404334306717,25,50559,
0.04500076547265053,25,50569,
0.070062555372715,25,50579,
0.05287032201886177,25,50589,
0.06482299417257309,25,50599,
0.03954572230577469,25,50609,
0.050895266234874725,25,50619,
0.04796648770570755,25,50629,
0.06901437789201736,25,50639,
0.04841100424528122,25,50649,
0.04373623803257942,25,50659,
0.05357346311211586,25,50669,
0.06252449005842209,25,50679,
0.0539701022207737,25,50689,
0.05198826268315315,25,50699,
0.03053586371243,25,50709,
0.059479910880327225,25,50719,
0.03846409171819687,25,50729,
0.07821247726678848,25,50739,
0.0630214512348175,25,50749,
0.04506680741906166,25,50759,
0.08171091228723526,25,50769,
0.03922916203737259,25,50779,
0.04653485119342804,25,50789,
0.04993895813822746,25,50799,
0.03837883099913597,25,50809,
0.04328965023159981,25,50819,
0.07829112559556961,25,50829,
0.058760061860084534,25,50839,
0.051409270614385605,25,50849,
0.06300868839025497,25,50859,
0.03529972955584526,25,50869,
0.04758688062429428,25,50879,
0.06714192777872086,25,50889,
0.07724939286708832,25,50899,
0.03759356215596199,25,50909,
0.05131936073303223,25,50919,
0.05161639675498009,25,50929,
0.05683840066194534,25,50939,
0.0419437512755394,25,50949,
0.04598196968436241,25,50959,
0.06528527289628983,25,50969,
0.028873682022094727,25,50979,
0.044196147471666336,25,50989,
0.04062514752149582,25,50999,
0.05711982026696205,25,51009,
0.05793137103319168,25,51019,
0.04151676222681999,25,51029,
0.046240177005529404,25,51039,
0.052083469927310944,25,51049,
0.0445115752518177,25,51059,
0.038560014218091965,25,51069,
0.05197252333164215,25,51079,
0.047333233058452606,25,51089,
0.057603783905506134,25,51099,
0.054387886077165604,25,51109,
,25,51115,0.05043859779834747
0.032447319477796555,26,51119,
0.04075629264116287,26,51129,
0.06561154872179031,26,51139,
0.04770013689994812,26,51149,
0.07221845537424088,26,51159,
0.037185683846473694,26,51169,
0.04799690470099449,26,51179,
0.03664522245526314,26,51189,
0.05974709987640381,26,51199,
0.060874905437231064,26,51209,
0.04853568598628044,26,51219,
0.08747658133506775,26,51229,
0.05120416358113289,26,51239,
0.04049840569496155,26,51249,
0.08134877681732178,26,51259,
0.04156683385372162,26,51269,
0.05707428231835365,26,51279,
0.04514651373028755,26,51289,
0.04470009356737137,26,51299,
0.07644219696521759,26,51309,
0.0563000850379467,26,51319,
0.04763912409543991,26,51329,
0.08450125902891159,26,51339,
0.0360102653503418,26,51349,
0.047806572169065475,26,51359,
0.029720373451709747,26,51369,
0.043971385806798935,26,51379,
0.04704714193940163,26,51389,
0.03536294400691986,26,51399,
0.04691255837678909,26,51409,
0.09003134071826935,26,51419,
0.05765248090028763,26,51429,
0.04621034115552902,26,51439,
0.05134549364447594,26,51449,
0.044098008424043655,26,51459,
0.036760807037353516,26,51469,
0.04028288647532463,26,51479,
0.05663458630442619,26,51489,
0.046692002564668655,26,51499,
0.030931182205677032,26,51509,
0.04520433768630028,26,51519,
0.038892049342393875,26,51529,
0.06234452500939369,26,51539,
0.044546227902173996,26,51549,
0.05560951679944992,26,51559,
0.050006259232759476,26,51569,
0.036820512264966965,26,51579,
0.05479919910430908,26,51589,
0.05844872444868088,26,51599,
0.05399569496512413,26,51609,
0.036701321601867676,26,51619,
0.06284657120704651,26,51629,
0.058789413422346115,26,51639,
0.05313673987984657,26,51649,
0.035534124821424484,26,51659,
0.03874856233596802,26,51669,
0.052712008357048035,26,51679,
0.04633629694581032,26,51689,
0.050816912204027176,26,51699,
0.05182284861803055,26,51709,
0.06314859539270401,26,51719,
0.039638835936784744,26,51729,
0.045457564294338226,26,51739,
0.03385001793503761,26,51749,
0.033118050545454025,26,51759,
0.041001226752996445,26,51769,
0.05916547775268555,26,51779,
0.06253817677497864,26,51789,
0.04960452392697334,26,51799,
0.06914757192134857,26,51809,
0.051385995000600815,26,51819,
0.056627776473760605,26,51829,
0.05809854716062546,26,51839,
0.07029882073402405,26,51849,
0.052439749240875244,26,51859,
0.046012032777071,26,51869,
0.03705351799726486,26,51879,
0.03395090997219086,26,51889,
0.05343189463019371,26,51899,
0.062318384647369385,26,51909,
0.03973863646388054,26,51919,
0.04133074730634689,26,51929,
0.040846921503543854,26,51939,
0.052730247378349304,26,51949,
0.06481005251407623,26,51959,
0.038597095757722855,26,51969,
0.046379122883081436,26,51979,
0.04865020141005516,26,51989,
0.04937121644616127,26,51999,
0.04714350774884224,26,52009,
0.044943299144506454,26,52019,
0.061982765793800354,26,52029,
0.04868799075484276,26,52039,
0.06971684098243713,26,52049,
0.06344115734100342,26,52059,
0.05684959888458252,26,52069,
0.036088503897190094,26,52079,
0.053982924669981,26,52089,
0.033472392708063126,26,52099,
0.06917785853147507,26,52109,
0.04652457684278488,26,52119,
0.04584734886884689,26,52129,
0.054473936557769775,26,52139,
0.02794119156897068,26,52149,
0.03964097797870636,26,52159,
0.039426010102033615,26,52169,
0.03977816179394722,26,52179,
0.049314312636852264,26,52189,
0.04285903647542,26,52199,
0.03731300309300423,26,52209,
0.039367180317640305,26,52219,
0.0670999139547348,26,52229,
0.0417836494743824,26,52239,
0.07543876767158508,26,52249,
0.04401737451553345,26,52259,
0.04338511824607849,26,52269,
0.040346674621105194,26,52279,
0.04121530055999756,26,52289,
0.04524439200758934,26,52299,
0.05166942626237869,26,52309,
0.04541127011179924,26,52319,
0.05080198124051094,26,52329,
0.032732587307691574,26,52339,
0.06280489265918732,26,52349,
0.05010896921157837,26,52359,
0.05246128886938095,26,52369,
0.051657989621162415,26,52379,
0.042928241193294525,26,52389,
0.04486491158604622,26,52399,
0.04527528956532478,26,52409,
0.059487052261829376,26,52419,
0.053909413516521454,26,52429,
0.045754142105579376,26,52439,
0.04452790319919586,26,52449,
0.04756886512041092,26,52459,
0.04758378863334656,26,52469,
0.04706200212240219,26,52479,
0.05143814533948898,26,52489,
0.05600889399647713,26,52499,
0.04957237467169762,26,52509,
0.04809390753507614,26,52519,
0.0412227101624012,26,52529,
0.0486363060772419,26,52539,
0.04054434224963188,26,52549,
0.053957633674144745,26,52559,
0.0723128542304039,26,52569,
0.042839936912059784,26,52579,
0.06025688722729683,26,52589,
0.039068691432476044,26,52599,
0.03799815475940704,26,52609,
0.05161869898438454,26,52619,
0.040448352694511414,26,52629,
0.06354866176843643,26,52639,
0.05442362651228905,26,52649,
0.035749662667512894,26,52659,
0.04905935749411583,26,52669,
0.058481693267822266,26,52679,
0.05639881640672684,26,52689,
0.06540974974632263,26,52699,
0.04013946279883385,26,52709,
0.06518787145614624,26,52719,
0.04225928336381912,26,52729,
0.06040126085281372,26,52739,
0.04065071418881416,26,52749,
0.059930603951215744,26,52759,
0.04912569001317024,26,52769,
0.05500190705060959,26,52779,
0.05139049142599106,26,52789,
0.04960912838578224,26,52799,
0.06479259580373764,26,52809,
0.0376998670399189,26,52819,
0.04181346669793129,26,52829,
0.03258861228823662,26,52839,
0.038469910621643066,26,52849,
0.04972665756940842,26,52859,
0.07450864464044571,26,52869,
0.06498430669307709,26,52879,
0.05641956627368927,26,52889,
0.04068024829030037,26,52899,
0.04310687258839607,26,52909,
0.03921043872833252,26,52919,
0.02615618146955967,26,52929,
0.050667762756347656,26,52939,
0.05449483543634415,26,52949,
0.04086942970752716,26,52959,
0.0375237762928009,26,52969,
0.050884466618299484,26,52979,
0.05583350732922554,26,52989,
0.07265729457139969,26,52999,
0.04513707384467125,26,53009,
0.0421781912446022,26,53019,
0.039740730077028275,26,53029,
0.0400298610329628,26,53039,
0.037900228053331375,26,53049,
0.04587297514081001,26,53059,
0.05076094716787338,26,53069,
0.03697233647108078,26,53079,
,26,53081,0.04989926889538765
0.05389111116528511,27,53089,
0.06042887270450592,27,53099,
0.0533732995390892,27,53109,
0.04346706345677376,27,53119,
0.04297919571399689,27,53129,
0.05120337754487991,27,53139,
0.049281615763902664,27,53149,
0.04901666194200516,27,53159,
0.04017703980207443,27,53169,
0.07240136712789536,27,53179,
0.03501119464635849,27,53189,
0.04942004755139351,27,53199,
0.05261925980448723,27,53209,
0.04350733384490013,27,53219,
0.06620899587869644,27,53229,
0.032487817108631134,27,53239,
0.05820099636912346,27,53249,
0.03574385866522789,27,53259,
0.05922664701938629,27,53269,
0.04135015979409218,27,53279,
0.05133622884750366,27,53289,
0.05293521657586098,27,53299,
0.04632474109530449,27,53309,
0.042491573840379715,27,53319,
0.0600719191133976,27,53329,
0.06269394606351852,27,53339,
0.066072978079319,27,53349,
0.03494192287325859,27,53359,
0.05260632932186127,27,53369,
0.06420370936393738,27,53379,
0.027035603299736977,27,53389,
0.05611509829759598,27,53399,
0.040467310696840286,27,53409,
0.09229958057403564,27,53419,
0.06438503414392471,27,53429,
0.03827934339642525,27,53439,
0.054976098239421844,27,53449,
0.05128553882241249,27,53459,
0.035514432936906815,27,53469,
0.04846590757369995,27,53479,
0.03834344819188118,27,53489,
0.04702433571219444,27,53499,
0.04915400967001915,27,53509,
0.04055275395512581,27,53519,
0.05177991837263107,27,53529,
0.04319684952497482,27,53539,
0.04672975093126297,27,53549,
0.036969397217035294,27,53559,
0.038363516330718994,27,53569,
0.04243091121315956,27,53579,
0.06871456652879715,27,53589,
0.062287259846925735,27,53599,
0.05841337516903877,27,53609,
0.05369287356734276,27,53619,
0.046101100742816925,27,53629,
0.05506903678178787,27,53639,
0.04187237471342087,27,53649,
0.06008007749915123,27,53659,
0.09087861329317093,27,53669,
0.04554428905248642,27,53679,
0.05206941068172455,27,53689,
0.036769039928913116,27,53699,
0.03158353641629219,27,53709,
0.02624567784368992,27,53719,
0.04650577902793884,27,53729,
0.06137629225850105,27,53739,
0.04909254610538483,27,53749,
0.047558169811964035,27,53759,
0.04581713676452637,27,53769,
0.037648964673280716,27,53779,
0.04644118249416351,27,53789,
0.036971695721149445,27,53799,
0.04895675927400589,27,53809,
0.03748900815844536,27,53819,
0.05868818983435631,27,53829,
0.04616094008088112,27,53839,
0.050473906099796295,27,53849,
0.051355402916669846,27,53859,
0.04226236417889595,27,53869,
0.049516741186380386,27,53879,
0.07222878187894821,27,53889,
0.053142886608839035,27,53899,
0.04833848774433136,27,53909,
0.059400249272584915,27,53919,
0.05714397877454758,27,53929,
0.04189451038837433,27,53939,
0.05106767639517784,27,53949,
0.06600610166788101,27,53959,
0.04914550110697746,27,53969,
0.03920004516839981,27,53979,
0.062322549521923065,27,53989,
0.03520940616726875,27,53999,
0.05365784466266632,27,54009,
0.05281496047973633,27,54019,
0.04266218841075897,27,54029,
0.035508230328559875,27,54039,
0.052694570273160934,27,54049,
0.05056538060307503,27,54059,
0.06105518341064453,27,54069,
0.040121812373399734,27,54079,
0.0506950318813324,27,54089,
0.04670456424355507,27,54099,
0.045018408447504044,27,54109,
0.049601223319768906,27,54119,
0.05844135954976082,27,54129,
0.06258124113082886,27,54139,
0.0394572876393795,27,54149,
0.042589910328388214,27,54159,
0.05134536698460579,27,54169,
0.04377910494804382,27,54179,
0.039706576615571976,27,54189,
0.03966289386153221,27,54199,
0.050194378942251205,27,54209,
0.054211147129535675,27,54219,
0.05254815146327019,27,54229,
0.04104221239686012,27,54239,
0.044406190514564514,27,54249,
0.045048974454402924,27,54259,
0.0440610833466053,27,54269,
0.04066530987620354,27,54279,
0.02393554337322712,27,54289,
0.04872705042362213,27,54299,
0.0633026659488678,27,54309,
0.042954616248607635,27,54319,
0.03679196909070015,27,54329,
0.042514462023973465,27,54339,
0.05808231607079506,27,54349,
0.04234166070818901,27,54359,
0.03753000497817993,27,54369,
0.02426469512283802,27,54379,
0.05119096115231514,27,54389,
0.05043761059641838,27,54399,
0.07207563519477844,27,54409,
0.040053851902484894,27,54419,
0.058335285633802414,27,54429,
0.04689372330904007,27,54439,
0.07089260965585709,27,54449,
0.05474554002285004,27,54459,
0.04784441739320755,27,54469,
0.05575460195541382,27,54479,
0.07299035787582397,27,54489,
0.04678403586149216,27,54499,
0.06008046865463257,27,54509,
0.03991294279694557,27,54519,
0.05154351145029068,27,54529,
0.055642060935497284,27,54539,
0.042382437735795975,27,54549,
0.07382688671350479,27,54559,
0.04401392489671707,27,54569,
0.040938422083854675,27,54579,
0.06569216400384903,27,54589,
0.07306031137704849,27,54599,
0.056933894753456116,27,54609,
0.04570775106549263,27,54619,
0.03622869774699211,27,54629,
0.05115055292844772,27,54639,
0.04288835823535919,27,54649,
0.05270915478467941,27,54659,
0.04763580486178398,27,54669,
0.05181281641125679,27,54679,
0.0449582114815712,27,54689,
0.04979750141501427,27,54699,
0.03148577734827995,27,54709,
0.04756208136677742,27,54719,
0.04472754895687103,27,54729,
0.05998440086841583,27,54739,
0.0739632323384285,27,54749,
0.056046485900878906,27,54759,
0.05834319069981575,27,54769,
0.057517100125551224,27,54779,
0.0440232940018177,27,54789,
0.04468860477209091,27,54799,
0.09268642961978912,27,54809,
0.029611948877573013,27,54819,
0.03978050500154495,27,54829,
0.030757861211895943,27,54839,
0.06739442050457001,27,54849,
0.0686565637588501,27,54859,
0.0686272531747818,27,54869,
0.05468983203172684,27,54879,
0.09117016941308975,27,54889,
0.06808183342218399,27,54899,
0.06891491264104843,27,54909,
0.059849515557289124,27,54919,
0.04896678403019905,27,54929,
0.05899270251393318,27,54939,
0.042865265160799026,27,54949,
0.048108432441949844,27,54959,
0.05541015788912773,27,54969,
0.054648756980895996,27,54979,
0.040829796344041824,27,54989,
0.03917211294174194,27,54999,
0.06069185212254524,27,55009,
0.06495003402233124,27,55019,
0.060730744153261185,27,55029,
0.06453617662191391,27,55039,
,27,55047,0.050002750009298325
0.04075217247009277,28,55049,
0.04275656118988991,28,55059,
0.05712468922138214,28,55069,
0.04723111167550087,28,55079,
0.03697698563337326,28,55089,
0.044485922902822495,28,55099,
0.0403987281024456,28,55109,
0.04852231964468956,28,55119,
0.03618335723876953,28,55129,
0.048258814960718155,28,55139,
0.03772784024477005,28,55149,
0.06105103716254234,28,55159,
0.04196299612522125,28,55169,
0.05361996963620186,28,55179,
0.0371231883764267,28,55189,
0.044640619307756424,28,55199,
0.04225228354334831,28,55209,
0.05121254548430443,28,55219,
0.04121299460530281,28,55229,
0.055575184524059296,28,55239,
0.06346230953931808,28,55249,
0.03328452631831169,28,55259,
0.051864709705114365,28,55269,
0.05970044806599617,28,55279,
0.04450992867350578,28,55289,
0.05903492495417595,28,55299,
0.053908754140138626,28,55309,
0.05946648120880127,28,55319,
0.03716181963682175,28,55329,
0.06352823227643967,28,55339,
0.05753876268863678,28,55349,
0.040753353387117386,28,55359,
0.05110831931233406,28,55369,
0.05404253676533699,28,55379,
0.040937379002571106,28,55389,
0.050032585859298706,28,55399,
0.03196301683783531,28,55409,
0.06894240528345108,28,55419,
0.04371193051338196,28,55429,
0.05075979605317116,28,55439,
0.051505740731954575,28,55449,
0.0397048145532608,28,55459,
0.06370832026004791,28,55469,
0.050555519759655,28,55479,
0.030642177909612656,28,55489,
0.051373548805713654,28,55499,
0.043931808322668076,28,55509,
0.03463934361934662,28,55519,
0.04591051861643791,28,55529,
0.033375535160303116,28,55539,
0.05119454115629196,28,55549,
0.04243287444114685,28,55559,
0.04529551789164543,28,55569,
0.05374644696712494,28,55579,
0.041938651353120804,28,55589,
0.06683938950300217,28,55599,
0.05164361000061035,28,55609,
0.055662766098976135,28,55619,
0.036231569945812225,28,55629,
0.05093095824122429,28,55639,
0.04037494212388992,28,55649,
0.031449366360902786,28,55659,
0.05808432400226593,28,55669,
0.06731069087982178,28,55679,
0.03190939500927925,28,55689,
0.06295418739318848,28,55699,
0.051896560937166214,28,55709,
0.048313986510038376,28,55719,
0.04278182238340378,28,55729,
0.04798533394932747,28,55739,
0.05044475570321083,28,55749,
0.03991003707051277,28,55759,
0.036707110702991486,28,55769,
0.05107632651925087,28,55779,
0.06672505289316177,28,55789,
0.04763191565871239,28,55799,
0.055288780480623245,28,55809,
0.060552146285772324,28,55819,
0.05997055023908615,28,55829,
0.04887690022587776,28,55839,
0.04955107346177101,28,55849,
0.06337450444698334,28,55859,
0.04836418107151985,28,55869,
0.03209218755364418,28,55879,
0.05741933360695839,28,55889,
0.04959907755255699,28,55899,
0.05158010125160217,28,55909,
0.054984014481306076,28,55919,
0.06463387608528137,28,55929,
0.04321882501244545,28,55939,
0.039958707988262177,28,55949,
0.06783739477396011,28,55959,
0.059170372784137726,28,55969,
0.05082035809755325,28,55979,
0.03427892550826073,28,55989,
0.05040984973311424,28,55999,
0.045557089149951935,28,56009,
0.08092854171991348,28,56019,
0.04435163736343384,28,56029,
0.05383362993597984,28,56039,
0.036551572382450104,28,56049,
0.06597570329904556,28,56059,
0.04627732187509537,28,56069,
0.05186253413558006,28,56079,
0.06248600780963898,28,56089,
0.04836385324597359,28,56099,
0.052029624581336975,28,56109,
0.05832419916987419,28,56119,
0.06598753482103348,28,56129,
0.05277417227625847,28,56139,
0.028388656675815582,28,56149,
0.08444081246852875,28,56159,
0.03535092622041702,28,56169,
0.04184390604496002,28,56179,
0.04885426163673401,28,56189,
0.049943532794713974,28,56199,
0.046797819435596466,28,56209,
0.06551740318536758,28,56219,
0.05925099179148674,28,56229,
0.040580809116363525,28,56239,
0.04611244052648544,28,56249,
0.052126407623291016,28,56259,
0.027978764846920967,28,56269,
0.03883467614650726,28,56279,
0.0549265556037426,28,56289,
0.05529188737273216,28,56299,
0.04091046005487442,28,56309,
0.062023062258958817,28,56319,
0.04023950546979904,28,56329,
0.028515445068478584,28,56339,
0.04410399869084358,28,56349,
0.03956540673971176,28,56359,
0.05648896470665932,28,56369,
0.08439462631940842,28,56379,
0.061749882996082306,28,56389,
0.05262717232108116,28,56399,
0.03961840271949768,28,56409,
0.05201376974582672,28,56419,
0.06149955466389656,28,56429,
0.0413794107735157,28,56439,
0.04761478677392006,28,56449,
0.025733670219779015,28,56459,
0.03611045330762863,28,56469,
0.038606829941272736,28,56479,
0.051373180001974106,28,56489,
0.039115503430366516,28,56499,
0.04993109777569771,28,56509,
0.038410671055316925,28,56519,
0.050629545003175735,28,56529,
0.044309280812740326,28,56539,
0.03728548437356949,28,56549,
0.05450485274195671,28,56559,
0.054336123168468475,28,56569,
0.054524827748537064,28,56579,
0.04706259071826935,28,56589,
0.031150514259934425,28,56599,
0.044306326657533646,28,56609,
0.04104803130030632,28,56619,
0.04432235285639763,28,56629,
0.039171092212200165,28,56639,
0.04043109714984894,28,56649,
0.04207684472203255,28,56659,
0.07548076659440994,28,56669,
0.049356937408447266,28,56679,
0.06794138997793198,28,56689,
0.04324224218726158,28,56699,
0.06261240690946579,28,56709,
0.042094696313142776,28,56719,
0.04309146851301193,28,56729,
0.05897824093699455,28,56739,
0.038099661469459534,28,56749,
0.032325226813554764,28,56759,
0.05172205716371536,28,56769,
0.048127442598342896,28,56779,
0.04931603744626045,28,56789,
0.050542909651994705,28,56799,
0.0458756685256958,28,56809,
0.04990782216191292,28,56819,
0.05308455973863602,28,56829,
0.06631730496883392,28,56839,
0.03970460966229439,28,56849,
0.0529935359954834,28,56859,
0.04599696397781372,28,56869,
0.04979199916124344,28,56879,
0.06687327474355698,28,56889,
0.04092613235116005,28,56899,
0.057044558227062225,28,56909,
0.06161465868353844,28,56919,
0.04310481250286102,28,56929,
0.04341696575284004,28,56939,
0.044437043368816376,28,56949,
0.0702902227640152,28,56959,
0.05434933304786682,28,56969,
0.03514612466096878,28,56979,
0.041685979813337326,28,56989,
0.03913263604044914,28,56999,
0.04661118611693382,28,57009,
,28,57013,0.049701206386089325
0.04894891753792763,29,57019,
0.07493127137422562,29,57029,
0.05458114668726921,29,57039,
0.046271562576293945,29,57049,
0.05632943660020828,29,57059,
0.04791747406125069,29,57069,
0.05162015184760094,29,57079,
0.05162256211042404,29,57089,
0.03513305261731148,29,57099,
0.06054053083062172,29,57109,
0.03918555751442909,29,57119,
0.055174220353364944,29,57129,
0.041906002908945084,29,57139,
0.038217462599277496,29,57149,
0.05703733488917351,29,57159,
0.049913711845874786,29,57169,
0.04077921062707901,29,57179,
0.0317646861076355,29,57189,
0.06040048599243164,29,57199,
0.040708381682634354,29,57209,
0.04535754397511482,29,57219,
0.03732471540570259,29,57229,
0.045028891414403915,29,57239,
0.02720995806157589,29,57249,
0.049315113574266434,29,57259,
0.06133144348859787,29,57269,
0.04182364419102669,29,57279,
0.053160659968853,29,57289,
0.04725879430770874,29,57299,
0.048975665122270584,29,57309,
0.04984423890709877,29,57319,
0.05733703449368477,29,57329,
0.03969711810350418,29,57339,
0.041074708104133606,29,57349,
0.04418180510401726,29,57359,
0.04959689453244209,29,57369,
0.04208153113722801,29,57379,
0.06345849484205246,29,57389,
0.03327178955078125,29,57399,
0.04565741494297981,29,57409,
0.05468364059925079,29,57419,
0.0463450625538826,29,57429,
0.05472922325134277,29,57439,
0.04974750801920891,29,57449,
0.03427355736494064,29,57459,
0.04967661574482918,29,57469,
0.05354427173733711,29,57479,
0.05331777408719063,29,57489,
0.058967556804418564,29,57499,
0.0773850753903389,29,57509,
0.0552181676030159,29,57519,
0.051282212138175964,29,57529,
0.053400225937366486,29,57539,
0.04671751335263252,29,57549,
0.030321333557367325,29,57559,
0.05712234973907471,29,57569,
0.07446789741516113,29,57579,
0.04505129158496857,29,57589,
0.05984748899936676,29,57599,
0.04895715415477753,29,57609,
0.09068408608436584,29,57619,
0.04047830402851105,29,57629,
0.04155367612838745,29,57639,
0.0474206879734993,29,57649,
0.037654001265764236,29,57659,
0.04806245118379593,29,57669,
0.06503791362047195,29,57679,
0.05958696827292442,29,57689,
0.029184380546212196,29,57699,
0.05232611298561096,29,57709,
0.037366993725299835,29,57719,
0.060518085956573486,29,57729,
0.0472651869058609,29,57739,
0.05095748230814934,29,57749,
0.051405031234025955,29,57759,
0.05056619644165039,29,57769,
0.04965722933411598,29,57779,
0.03844151273369789,29,57789,
0.03896971046924591,29,57799,
0.04590288922190666,29,57809,
0.0419473834335804,29,57819,
0.05489325523376465,29,57829,
0.040408480912446976,29,57839,
0.0646490529179573,29,57849,
0.05108410865068436,29,57859,
0.04648343101143837,29,57869,
0.04693956300616264,29,57879,
0.0467311292886734,29,57889,
0.03817683458328247,29,57899,
0.04168549180030823,29,57909,
0.047319408506155014,29,57919,
0.03906956687569618,29,57929,
0.053161099553108215,29,57939,
0.04786045849323273,29,57949,
0.04706043004989624,29,57959,
0.0450638085603714,29,57969,
0.030003700405359268,29,57979,
0.05529572069644928,29,57989,
0.04480596259236336,29,57999,
0.05839483067393303,29,58009,
0.045911043882369995,29,58019,
0.040946170687675476,29,58029,
0.06316445767879486,29,58039,
0.06160140782594681,29,58049,
0.0625443235039711,29,58059,
0.05484811216592789,29,58069,
0.046171680092811584,29,58079,
0.04320221766829491,29,58089,
0.040471818298101425,29,58099,
0.048051681369543076,29,58109,
0.03695392981171608,29,58119,
0.04115910455584526,29,58129,
0.045449066907167435,29,58139,
0.0426449254155159,29,58149,
0.04255785420536995,29,58159,
0.045083094388246536,29,58169,
0.04451555758714676,29,58179,
0.048762962222099304,29,58189,
0.04505817964673042,29,58199,
0.04735828936100006,29,58209,
0.054606735706329346,29,58219,
0.02551266737282276,29,58229,
0.05826911702752113,29,58239,
0.045834627002477646,29,58249,
0.03848077356815338,29,58259,
0.03728749230504036,29,58269,
0.04500417411327362,29,58279,
0.050950612872838974,29,58289,
0.050494734197854996,29,58299,
0.06309499591588974,29,58309,
0.05166514590382576,29,58319,
0.04576391726732254,29,58329,
0.0571659691631794,29,58339,
0.04856960475444794,29,58349,
0.0536230206489563,29,58359,
0.056394774466753006,29,58369,
0.04087686911225319,29,58379,
0.04131442680954933,29,58389,
0.06211663782596588,29,58399,
0.059542059898376465,29,58409,
0.07056580483913422,29,58419,
0.05468783900141716,29,58429,
0.03325241804122925,29,58439,
0.047776997089385986,29,58449,
0.06272076070308685,29,58459,
0.04891124740242958,29,58469,
0.038496874272823334,29,58479,
0.04448632523417473,29,58489,
0.05708297714591026,29,58499,
0.03503486514091492,29,58509,
0.061557479202747345,29,58519,
0.04085112363100052,29,58529,
0.0686531588435173,29,58539,
0.04061013087630272,29,58549,
0.04077506810426712,29,58559,
0.0267886221408844,29,58569,
0.0539296418428421,29,58579,
0.06000235304236412,29,58589,
0.03601403534412384,29,58599,
0.05584866553544998,29,58609,
0.052105799317359924,29,58619,
0.03453928977251053,29,58629,
0.03341197222471237,29,58639,
0.058615341782569885,29,58649,
0.04205948859453201,29,58659,
0.06392867118120193,29,58669,
0.03799520060420036,29,58679,
0.0281518567353487,29,58689,
0.055661752820014954,29,58699,
0.06609298288822174,29,58709,
0.04685642197728157,29,58719,
0.042209941893815994,29,58729,
0.05183222517371178,29,58739,
0.052851587533950806,29,58749,
0.04808337241411209,29,58759,
0.05396291986107826,29,58769,
0.03290123492479324,29,58779,
0.06521569937467575,29,58789,
0.04172453656792641,29,58799,
0.04071608558297157,29,58809,
0.0406474806368351,29,58819,
0.0502484105527401,29,58829,
0.03918355703353882,29,58839,
0.03726222738623619,29,58849,
0.06316295266151428,29,58859,
0.040873609483242035,29,58869,
0.04718989506363869,29,58879,
0.044124796986579895,29,58889,
0.034600239247083664,29,58899,
0.07105360180139542,29,58909,
0.04845466837286949,29,58919,
0.06723296642303467,29,58929,
0.05908499285578728,29,58939,
0.05487026646733284,29,58949,
0.04445599764585495,29,58959,
0.07336008548736572,29,58969,
0.05907290428876877,29,58979,
,29,58979,0.05007928982377052
